CollegeName,TotalRegistrations
ANURAG UNIVERSITY,1061
CMR COLLEGE OF ENGINEERING AND TECHNOLOGY,473
VARDHAMAN COLLEGE OF ENGINEERING,452
MLR INSTITUTE OF TECHNOLOGY,375
COLLEGE,339
GEETHANJALI COLLEGE OF ENGINEERING AND TECHNOLOGY,210
VIDYA JYOTHI INSTITUTE OF TECHNOLOGY,207
SREENIDHI INSTITUTE OF SCIENCE AND TECHNOLOGY,204
JNTUH,202
BVRIT HYDERABAD COLLEGE OF ENGINEERING FOR WOMEN,201
MVSR ENGINEERING COLLEGE,190
STANLEY COLLEGE OF ENGINEERING AND TECHNOLOGY FOR WOMEN,180
VAAGDEVI ENGINEERING COLLEGE,175
VNR VJIET,159
CHAITANYA BHARATHI INSTITUTE OF TECHNOLOGY,136
PALLAVI ENGINEERING COLLEGE,136
VNRVJIET,129
MATRUSRI ENGINEERING COLLEGE,128
MALLA REDDY ENGINEERING COLLEGE FOR WOMEN,128
VIGNANA BHARATHI INSTITUTE OF TECHNOLOGY,116
MALLA REDDY COLLEGE OF ENGINEERING AND TECHNOLOGY,112
MAHATMA GANDHI INSTITUTE OF TECHNOLOGY,108
INSTITUTE OF AERONAUTICAL ENGINEERING,107
CMR TECHNICAL CAMPUS,107
GOKARAJU RANGARAJU INSTITUTE OF ENGINEERING AND TECHNOLOGY,99
VASAVI COLLEGE OF ENGINEERING,91
MLRIT,89
OSMANIA UNIVERSITY,87
CMR COLLEGE OF ENGINEERING & TECHNOLOGY,82
ACE ENGINEERING COLLEGE,79
JNTU,76
NARSIMHA REDDY ENGINEERING COLLEGE,75
SRIDEVI WOMEN'S ENGINEERING COLLEGE,75
MATURI VENKATA SUBBA RAO ENGINEERING COLLEGE,71
VNR VIGNANA JYOTHI INSTITUTE OF ENGINEERING AND TECHNOLOGY,69
MVGR COLLEGE OF ENGINEERING,62
JAWAHARLAL NEHRU TECHNOLOGICAL UNIVERSITY HYDERABAD,58
VJIT,51
GD GOENKA UNIVERSITY,46
CMRCET,44
RAJEEV GANDHI MEMORIAL COLLEGE OF ENGINEERING AND TECHNOLOGY,42
TEEGALA KRISHNA REDDY ENGINEERING COLLEGE,42
ICFAI UNIVERSITY,41
GEETANJALI COLLEGE OF ENGINEERING AND TECHNOLOGY,40
MALLAREDDY COLLEGE OF ENGINEERING AND TECHNOLOGY,39
KL UNIVERSITY,37
CHALAPATHI INSTITUTE OF ENGINEERING AND TECHNOLOGY,37
GITAM UNIVERSITY,36
JAYAMUKHI INSTITUTE OF TECHNOLOGICAL SCIENCES,36
NALLA MALLA REDDY ENGINEERING COLLEGE,36
SPHOORTHY ENGINEERING COLLEGE,35
MALLA REDDY UNIVERSITY,34
B V RAJU INSTITUTE OF TECHNOLOGY,33
SRI DEVI WOMEN'S ENGINEERING COLLEGE,33
VIDYA JYOTI INSTITUTE OF TECHNOLOGY,32
METHODIST COLLEGE OF ENGINEERING AND TECHNOLOGY,31
JBIET,29
CVR COLLEGE OF ENGINEERING,28
NAWAB SHAH ALAM KHAN COLLEGE OF ENGINEERING AND TECHNOLOGY,28
NNRG,27
JNTU HYDERABAD,26
ICFAI FOUNDATION FOR HIGHER EDUCATION,26
LOVELY PROFESSIONAL UNIVERSITY,25
SRINIVASA INSTITUTE OF ENGINEERING AND TECHNOLOGY,25
VBIT,25
MVSR,25
NARASIMHA REDDY ENGINEERING COLLEGE,24
KESHAV MEMORIAL INSTITUTE OF TECHNOLOGY,23
JNTUK,23
STANLEY COLLEGE OF ENGINEERING AND TECHNOLOGY,22
BHARAT INSTITUTE OF ENGINEERING AND TECHNOLOGY,21
HYDERABAD INSTITUTE OF TECHNOLOGY AND MANAGEMENT,21
AMRITA VISHWA VIDYAPEETHAM,21
MATURI VENKATA SUBBARAO ENGINEERING COLLEGE,21
JNTUHUCER,21
CBIT,21
SRINIVASA INSTITUTE OF ENGINEERING AND TECHNOLEDGE,21
WOXSEN UNIVERSITY,20
MALLAREDDY ENGINEERING COLLEGE FOR WOMEN,20
JB INSTITUTE OF ENGINEERING AND TECHNOLOGY,20
"VARDHAMAN COLLEGE OF ENGINEERING (VCE), HYDERABAD",20
ST MARY'S ENGINEERING COLLEGE,20
SRM UNIVERSITY AP,19
JAWAHARLAL NEHRU TECHNOLOGICAL UNIVERSITY,18
MVSREC,18
ANURAG ENGINEERING COLLEGE,18
PARUL UNIVERSITY,17
VELLORE INSTITUTE OF TECHNOLOGY,17
CMR INSTITUTE OF TECHNOLOGY,17
VAAGDEVI COLLEGE OF ENGINEERING,17
CMR ENGINEERING COLLEGE,17
VASIREDDY VENKATADRI INSTITUTE OF TECHNOLOGY,17
BVRIT,17
KAKATIYA INSTITUTE OF TECHNOLOGY AND SCIENCE,16
BHOJ REDDY ENGINEERING COLLEGE FOR WOMEN,16
GITAM,15
MARRI LAXMAN REDDY INSTITUTE OF TECHNOLOGY AND MANAGEMENT,15
SIDDHARTHA INSTITUTE OF ENGINEERING AND TECHNOLOGY,15
VISHNU INSTITUTE OF TECHNOLOGY,15
MGIT,15
Vignan institute of technology and science ,15
MALLA REDDY ENGINEERING COLLEGE,14
MALLAREDDY UNIVERSITY,14
JNTUH COLLEGE OF ENGINEERING RAJANNA SIRCILLA,14
JNTUH UNIVERSITY COLLEGE OF ENGINEERING RAJANNA SIRCILLA,14
VELAGAPUDI RAMAKRISHNA SIDDHARTHA ENGINEERING COLLEGE,13
BV RAJU INSTITUTE OF TECHNOLOGY,13
JNTUH UNIVERSITY COLLEGE OF ENGINEERING JAGTIAL,13
NIMRA COLLEGE OF ENGINEERING AND TECHNOLOGY,13
VALLURUPALLI NAGESWARA RAO VIGNANA JYOTHI INSTITUTE OF ENGINEERING &TECHNOLOGY,13
STANLEY COLLEGE OF ENGINEERING AND TECHNOLOGY FOR WOMENS,13
SREENIDHI INSTITUTION OF SCIENCE AND TECHNOLOGY,13
CHAITANYA BHARATI INSTITUTE OF TECHNOLOGY,12
MALLA REDDY COLLEGE OF ENGINEERING,12
SRKR ENGINEERING COLLEGE,12
JOGINPALLY BR ENGINEERING COLLEGE,12
GITAM UNIVERSITY HYDERABAD,12
STUDENT,12
JNTUHUCEJ,12
MATURI VENKATA SUBBA RAO,12
AAR MAHAVEER ENGINEERING COLLEGE,12
AURORA UNIVERSITY,12
SR UNIVERSITY,11
GANDHI INSTITUTE OF TECHNOLOGY AND MANAGEMENT,11
MOHAN BABU UNIVERSITY,11
ANIL NEERUKONDA INSTITUTE OF TECHNOLOGY AND SCIENCES,11
SRM UNIVERSITY,11
GRIET,11
VIGNAN INSTITUTE OF TECHNOLOGY AND SCIENCE,11
RAMACHANDRA COLLEGE OF ENGINEERING,11
ANDHRA UNIVERSITY,11
NALLA NARASIMHA REDDY GROUP OF INSTITUTIONS,11
STANLEY COLLEGE OF ENGINEERING AND TECHNOLOGY FOR WOMEN'S,11
ANURAG UNIVERSITY HYDERABAD,11
SNIST,11
BVRITH,11
MVGR,11
SRI INDU COLLEGE OF ENGINEERING AND TECHNOLOGY,10
NEIL GOGTE INSTITUTE OF TECHNOLOGY,10
ADITYA ENGINEERING COLLEGE,10
SATHYABAMA INSTITUTE OF SCIENCE AND TECHNOLOGY,10
SREYAS INSTITUTE OF ENGINEERING AND TECHNOLOGY,10
GOKARAJU RANGARAJU INSTITUTE OF ENGINEERING & TECHNOLOGY,10
VALLURUPALLI NAGESWARA RAO VIGNANA JYOTHI INSTITUTE OF ENGINEERING AND TECHNOLOGY,10
MLR INSTITUTION OF TECHNOLOGY,10
MAHARAJ VIJAYARAM GAJAPATHI RAJ COLLEGE OF ENGINEERING,10
BVRIT HYDERABAD,10
VIDHYA JYOTHI INSTITUTE OF TECHNOLOGY,10
SRIDEVI WOMENS ENGINEERING COLLEGE,10
AURORA DEEMED TO BE UNIVERSITY,10
College ,10
MAHINDRA UNIVERSITY,9
SAVEETHA SCHOOL OF ENGINEERING,9
NARASARAOPETA ENGINEERING COLLEGE,9
RAJIV GANDHI UNIVERSITY OF KNOWLEDGE TECHNOLOGIES,9
SRI VASAVI ENGINEERING COLLEGE,9
BVRIT NARSAPUR,9
MRCET,9
G. NARAYANAMMA INSTITUTE OF TECHNOLOGY AND SCIENCE,9
G.NARAYANAMMA INSTITUTE OF TECHNOLOGY AND SCIENCE,9
OU,9
ICFAI TECH,9
NALLA NARSIMHA REDDY GROUP OF INSTITUTIONS,9
NARSIMHAREDDY ENGINEERING COLLEGE,9
BHARATH INSTITUTE OF HIGHER EDUCATION AND RESEARCH,8
TKR COLLEGE OF ENGINEERING AND TECHNOLOGY,8
SRI VENKATESWARA COLLEGE OF ENGINEERING,8
PRAGATI ENGINEERING COLLEGE,8
PRESIDENCY UNIVERSITY,8
GOKARAJU LAILAVATHI ENGINEERING COLLEGE,8
LAKIREDDY BALI REDDY COLLEGE OF ENGINEERING,8
K L UNIVERSITY,8
MALLA REDDY COLLEGE OF ENGINEERING FOR WOMEN,8
SRM INSTITUTE OF SCIENCE AND TECHNOLOGY,8
SREENIDHI INSTITUTE OF SCIENCE & TECHNOLOGY,8
CMRTC,8
BALAJI INSTITUTE OF TECHNOLOGY AND SCIENCE,8
RGMCET,8
MVSR COLLEGE,8
VIGNAN BHARATHI INSTITUTE OF TECHNOLOGY,8
UNIVERSITY OF NORTH TEXAS,7
NALLA NARASIMHA REDDY EDUCATION SOCIETY'S GROUP OF INSTITUTIONS,7
ADITYA COLLEGE OF ENGINEERING AND TECHNOLOGY,7
THE APOLLO UNIVERSITY,7
KALASALINGAM ACADEMY OF RESEARCH AND EDUCATION,7
HOLY MARY INSTITUTE OF TECHNOLOGY AND SCIENCE,7
MADANAPALLE INSTITUTE OF TECHNOLOGY AND SCIENCE,7
VIT-AP,7
JNTUA,7
NATIONAL INSTITUTE OF TECHNOLOGY ANDHRA PRADESH,7
RAJIV GANDHI UNIVERSITY OF KNOWLEDGE TECHNOLOGIES BASAR,7
ADITYA DEGREE COLLEGE,7
JNTUH UCESTH,7
MARRI LAXMAN REDDY INSTITUTE OF TECHNOLOGY,7
JNTUHUCESTH,7
VARDHAMAN COLLAGE OF ENGINEERING,7
JNTUH COLLEGE OF ENGINEERING,7
IARE,7
ICFAI,7
OSMANIA UNIVERSITY (STANLEY COLLEGE OF ENGINEERING AND TECHNOLOGY FOR WOMEN),7
USHA RAMA COLLEGE OF ENGINEERING AND TECHNOLOGY,6
RAGHU ENGINEERING COLLEGE,6
CHANDIGARH UNIVERSITY,6
RAJIV GANDHI UNIVERSITY OF KNOWLEDGE AND TECHNOLOGIES,6
VEL TECH UNIVERSITY,6
SHRI VISHNU ENGINEERING COLLEGE FOR WOMEN,6
LENDI INSTITUTE OF ENGINEERING AND TECHNOLOGY,6
MALLA REDDY ENGINEERING COLLEGE AND MANAGEMENT SCIENCES,6
ANDHRA LOYOLA INSTITUTE OF ENGINEERING AND TECHNOLOGY,6
CHRIST UNIVERSITY,6
B.V.RAJU INSTITUTE OF TECHNOLOGY,6
G NARAYANAMMA INSTITUTE OF TECHNOLOGY AND SCIENCE,6
JNTU COLLEGE OF ENGINEERING RAJANNA SIRCILLA,6
SRINIVASA INSTITUTE OF ENGINEERING TECHNOLOGY TECHNOLOGY,6
BVRIT COLLEGE OF ENGINEERING FOR WOMEN,6
ICFAI UNIVERSITY HYDERABAD,6
BVRIT HYDERABAD COLLAGE OF ENGINEERING FOR WOMEN,6
SRIDEVI WOMEN’S ENGINEERING COLLEGE,6
JAYAMUKHI INSTITUTE OF TECHNOLOGY AND SCIENCES,6
MAHATMA GANDHI UNIVERSITY,6
College,6
"RAJIV GANDHI UNIVERSITY OF KNOWLEDGE TECHNOLOGIES, BASAR",5
SATHYABAMA UNIVERSITY,5
SREE DATTHA INSTITUTE OF ENGINEERING AND SCIENCE,5
MALLA REDDY INSTITUTE OF TECHNOLOGY AND SCIENCE,5
GURUNANAK INSTITUTE OF TECHNOLOGY,5
JNTUH HYDERABAD,5
AUDISANKARA COLLEGE OF ENGINEERING AND TECHNOLOGY,5
GMR INSTITUTE OF TECHNOLOGY,5
UNIVERSITY OF BRIDGEPORT,5
BONAM VENKATA CHALAMAYYA ENGINEERING COLLEGE,5
GAYATRI VIDYA PARISHAD COLLEGE OF ENGINEERING,5
SASI INSTITUTE OF TECHNOLOGY AND ENGINEERING,5
SIR CR REDDY COLLEGE OF ENGINEERING,5
VIGNAN INSTITUTE OF INFORMATION TECHNOLOGY,5
KRISHNA UNIVERSITY,5
QIS COLLEGE OF ENGINEERING AND TECHNOLOGY,5
GITAM HYDERABAD,5
JAYAMUKHI INSTITUTE OF TECHNOLOGICAL SCIENCE,5
MATURI VENKATA SUBBA RAO (MVSR) ENGINEERING COLLEGE,5
VIGNANA BHARATI INSTITUTE OF TECHNOLOGY,5
JNTUH RAJANNA SIRCILLA,5
COLLAGE,5
CMR COLLAGE OF ENGINEERING AND TECHNOLOGY,5
ST MARY'S ENGENEERING COLLEGE,5
ICFAI TECH HYDERABAD,5
NALLA NARSHIMHA REDDY GROUP OF INSTITUTIONS,5
ANURAG GROUP OF INSTITUTIONS,5
MATURI VENKATA SUBBA RAO (MVSR),5
STANLEY COLLEGE OF ENGINEERING,5
GOKARAJU RANGARAJU INSTITUTION OF ENGINEERING AND TECHNOLOGY,5
UNIVERSITY,5
UNIVERSITY COLLEGE OF ENGINEERING AND TECHNOLOGY MAHATMA GANDHI UNIVERSITY,5
Vignan Institute of Technology and Science ,5
Chaitanya Bharathi Institute of Technology,5
G. Narayanamma Institute of Technology and Science,5
JAIN UNIVERSITY,4
UNIVERSITY OF CENTRAL MISSOURI,4
KG REDDY COLLEGE OF ENGINEERING AND TECHNOLOGY,4
PACE INSTITUTE OF TECHNOLOGY AND SCIENCES,4
SRI INDU INSTITUTE OF ENGINEERING AND TECHNOLOGY,4
ANDHRA UNIVERSITY COLLEGE OF ENGINEERING,4
SWARNANDHRA COLLEGE OF ENGINEERING AND TECHNOLOGY,4
ST ANN'S COLLEGE OF ENGINEERING AND TECHNOLOGY,4
KAKATIYA UNIVERSITY,4
ACCENTURE,4
VIT AP,4
MALLAREDDY COLLEGE OF ENGINEERING,4
NALLA NARASIMHA REDDY EDUCATION SOCIETY’S GROUP OF INSTITUTIONS,4
KLUNIVERSITY,4
KAKINADA INSTITUTE OF ENGINEERING AND TECHNOLOGY,4
ACHARYA NAGARJUNA UNIVERSITY,4
ANNAMACHARYA UNIVERSITY,4
GURU NANAK INSTITUTE OF TECHNOLOGY,4
HITAM,4
KAKATIYA INSTITUTE OF TECHNOLOGY AND SCIENCE WARANGAL,4
VIKAS COLLEGE OF ENGINEERING AND TECHNOLOGY,4
JOGINPALLY B R ENGINEERING COLLEGE,4
RGUKT BASAR,4
UNIVERSITY OF NEW HAVEN,4
IIT KHARAGPUR,4
NRI INSTITUTE OF TECHNOLOGY,4
RVR&JC COLLEGE OF ENGINEERING,4
KALASALINGAM UNIVERSITY,4
ANURAG COLLEGE OF ENGINEERING,4
MUFFAKHAM JAH COLLEGE OF ENGINEERING AND TECHNOLOGY,4
ST.ANN'S COLLEGE OF ENGINEERING AND TECHNOLOGY,4
MALLA REDDY COLLEGE OF ENGINEERING AND TECHNOLOGY (MRCET),4
"JAWAHARLAL NEHRU TECHNOLOGICAL UNIVERSITY, HYDERABAD",4
JNTUHCER,4
"JNTUH UNIVERSITY COLLEGE OF ENGINEERING, JAGTIAL",4
MATURI VENKATA SUBHA RAO ENGINEERING COLLEGE,4
CMR ENGINEERING AND TECHNOLOGY,4
MATURI VENKATA SUBBA RAO COLLEGE OF ENGINEERING,4
GOKARAJU RANGARAJU INSTITUTE OF TECHNOLOGY,4
MATURI VENKATA SUBBA RAO(MVSR) ENGINEERING COLLEGE,4
JNTU RAJANNA SIRCILLA,4
VIGNANA BHARATHI INSTITUTION OF TECHNOLOGY,4
MALLA REDDY COLLEGE OF ENGINEERING & TECHNOLOGY,4
"ANURAG UNIVERSITY, HYDERABAD",4
BVRIT HYDERABAD ENGINEERING COLLEGE FOR WOMEN,4
JNTUH UCEJ,4
MRECW,4
GEETHANJALI COLLEGE OF ENGINEERING AND TECHNOLOGY HYDERABAD,4
J.B. INSTITUTE OF ENGINEERING AND TECHNOLOGY,4
NAWAB SHAH ALAM KHAN COLLEGE OF ENGINEERING,4
MVSR COLLEGE OF ENGINEERING,4
GEETHANJALI COLLEGE OF ENGINEERING,4
VIDYA JOTHI INSTITUTE OF TECHNOLOGY,4
TKR COLLEGE OF ENGINEERING,4
VNR VIGNANA JYOTHI INSTITUTE OF ENGINEERING & TECHNOLOGY,4
VIDYA JYOTHI INSTITUTION OF TECHNOLOGY,4
SREENIDHI INSTITUTE OF TECHNOLOGY,4
ONLINE CHANDIGARH UNIVERSITY,4
UNIVERSITY COLLEGE OF SCIENCE,4
VIGNANA BHARTHI INSTITUTE OF TECHNOLOGY,4
AICTE,4
"MAHATMA GANDHI UNIVERSITY, NALGONDA",4
MLR INSTITUE OF TECHNOLOGY,4
Narsimha Reddy Engineering College,4
GODAVARI INSTITUTE OF ENGINEERING AND TECHNOLOGY,3
MALLAREDDY INSTITUTE OF TECHNOLOGY AND SCIENCE,3
CENTURION UNIVERSITY OF TECHNOLOGY AND MANAGEMENT,3
SRM AP,3
UNIVERSITY OF EAST LONDON,3
NONE,3
CHAITANYA DEEMED TO BE UNIVERSITY,3
SRI VENKATESWARA COLLEGE OF ENGINEERING AND TECHNOLOGY,3
KOMMURI PRATAP REDDY INSTITUTE OF TECHNOLOGY,3
VVIT,3
SIR CR REDDY POLYTECHNIC,3
RAGHU INSTITUTE OF TECHNOLOGY,3
AURORA PG COLLEGE,3
VIT-AP UNIVERSITY,3
SIR C R REDDY COLLEGE OF ENGINEERING,3
MIRACLE EDUCATIONAL SOCIETY GROUP OF INSTITUTIONS,3
ALLIANCE UNIVERSITY,3
SESHADRI RAO GUDLAVALLERU ENGINEERING COLLEGE,3
JBIT,3
GURU NANAK INSTITUTIONS TECHNICAL CAMPUS,3
DMSSVH COLLEGE OF ENGINEERING,3
AMRITA VISHWA VIDYAPEETAM,3
R.V.R & J.C COLLEGE OF ENGINEERING,3
G.PULLA REDDY ENGINEERING COLLEGE,3
SRI VENKATESWARA UNIVERSITY,3
VELTECH UNIVERSITY,3
SREE VIDYANIKETHAN ENGINEERING COLLEGE,3
"VELLORE INSTITUTE OF TECHNOLOGY, VELLORE",3
INDIAN INSTITUTE OF INFORMATION TECHNOLOGY DHARWAD,3
ST.MARTINS ENGINEERING COLLEGE,3
SHIV NADAR UNIVERSITY CHENNAI,3
"GITAM UNIVERSITY, HYDERABAD",3
NIT WARANGAL,3
SASTRA UNIVERSITY,3
VIT,3
CMR INSTITUTE OF TECHNOLOGY HYDERABAD,3
SRI VENKATESWARA ENGINEERING COLLEGE,3
JNTUH UNIVERSITY COLLEGE OF ENGINEERING MANTHANI,3
SCIENT INSTITUTE OF TECHNOLOGY,3
ILLINOIS INSTITUTE OF TECHNOLOGY,3
ANURAG ENGINEERING COLLEGE KODAD,3
DHANEKULA INSTITUTE OF ENGINEERING AND TECHNOLOGY,3
MALLA REDDY INSTITUTE OF ENGINEERING AND TECHNOLOGY,3
JNTUH COLLEGE OF ENGINEERING HYDERABAD,3
ANNAMACHARYA INSTITUTE OF TECHNOLOGY AND SCIENCES,3
KESHAV MEMORIAL ENGINEERING COLLEGE,3
IIT MADRAS,3
SANTHIRAM ENGINEERING COLLEGE,3
GIET ENGINEERING COLLEGE,3
BAPATLA ENGINEERING COLLEGE,3
LAKIREDDY BALIREDDY COLLEGE OF ENGINEERING,3
MANAV RACHNA UNIVERSITY,3
ADITYA COLLEGE OF ENGINEERING,3
VIT CHENNAI,3
MALLAREDDY ENGINEERING COLLEGE AND MANAGEMENT SCIENCES,3
MALLAREDDY INSTITUTE OF TECHNOLOGY,3
ST.PETER'S ENGINEERING COLLEGE,3
GOKARAJU RANGARAJU INSTITUTE OF ENGINEERING TECHNOLOGY,3
SASTRA DEEMED UNIVERSITY,3
REVA UNIVERSITY,3
DADI INSTITUTE OF ENGINEERING AND TECHNOLOGY,3
GOKARAJU RANGARAJU COLLEGE OF ENGINEERING AND TECHNOLOGY,3
RGUKT NUZVID,3
"UNIVERSITY COLLEGE OF ENGINEERING, OSMANIA UNIVERSITY",3
RGUKT ONGOLE,3
AMRITA SAI INSTITUTE OF SCIENCE AND TECHNOLOGY,3
COMPANY,3
VISWAM,3
GCET,3
NA,3
JNTUH COLLEGE OF ENGINEERING RAJANNA SIRICILLA,3
JNTUH UNIVERSITY COLLEGE OF ENGINEERING SCIENCE AND TECHNOLOGY HYDERABAD,3
VNR VIGNANA JYOTHI INSTITUTE OF TECHNOLOGY,3
RGM,3
JNTUH-UCESTH,3
CMR,3
VALLURUPALLI NAGESHWAR RAO VIGNANA JYOTHI INSTITUTE OF ENGINEERING AND TECHNOLOGY,3
RAJEEV GANDHI MEMORIAL ENGINEERING COLLEGE,3
"KAKATIYA INSTITUTE OF TECHNOLOGY AND SCIENCE,WARANGAL",3
MATURI VENKATA SUBBA RAO ENGINEERING COLLEGE AFFILIATED TO OSMANIA UNIVERSITY,3
MATURITY VENKATA SUBBA RAO ENGINEERING COLLEGE,3
CMR COLLEGE OF ENGINEERING AND TECHNOLOGY (CMRCET),3
CMR COLLEGE OF ENGINEERING &TECHNOLOGY,3
VNR VIGNANA JYOTHI ENGINEERING COLLEGE,3
VAADGAVI ENGENEERING COLLEGE,3
JAWAHARLAL NEHRU TECHNOLOGICAL UNIVERSITY RAJANNA SIRCILLA,3
"VARDHAMAN COLLEGE OF ENGINEERING, HYDERABAD",3
VNR VIGNAN JYOTHI INSTITUTE OF TECHNOLOGY,3
GETHANJALLI COLLEGE OF ENGINEERING AND TECHNOLOGY,3
BV RAJU INSTITUTE OF TECHNOLOGY NARSAPUR,3
VNR VIGNANA JYOTHI,3
VIGNANA BHARATHI INSTITUTE OF TECHNOLOGY (VBIT),3
VNR VIGANA JYOTHI INSTITUTE OF ENGINEERING AND TECHNOLOGY,3
ANURAG,3
ANURAGUNIVERSITY,3
VARDHMAN COLLEGE OF ENGINEERING,3
BVRITH HYDERABAD COLLEGE OF ENGINEERING FOR WOMEN,3
VARDHAMAN COLLEGE,3
ST.MARY'S ENGINEERING COLLEGE,3
JNTUH COLLEGE OF RAJANNA SIRICILLA,3
NALLA NARSHIMHA REDDY,3
NALLA NARASIMHA REDDY,3
STANLEY COLLEGE OF ENGINEERING & TECHNOLOGY FOR WOMEN,3
NALLA NARASIMHA REDDY EDUCATIONAL SOCIETY,3
JNTUH-UCEJ,3
CHAITANYA BHARATHI IMSTITUTE OF TECHNOLOGY,3
"BVRIT HYDERABAD COLLEGE OF ENGINEERING FOR WOMEN (BVRIT-H), HYDERABAD",3
KSR INSTITUTE FOR ENGINEERING AND TECHNOLOGY,3
VARDHAMAN COLLEGE OF ENGINEERING (VCE) HYDERABAD,3
NALLA NARSIMHA REDDY,3
BVRIT HYDERABAD COLLEGE OF ENGINEERING FOR WOMENS,3
SRIDEVIWOMENS ENGINERING COLLEGE,3
ANURAAG UNIVERSITY,3
NALLA NARASIMHA REDDY COLLEGE OF ENGINEERING,3
TKR,3
MVSR ENGG COLLEGE,3
JOGINAPALLY BR ENGINEERING COLLEGE,3
JBREC,3
JNTUH COLLEGE OF ENGINEERING JAGITYAL,3
GOVERNMENT DEGREE COLLEGE KHAIRATHABAD,3
GITAM-HYDERABAD,3
PRAGATHI DEGREE COLLEGE,3
SRI CHAITANYA JR COLLEGE,3
DAITA MADHUSUDANA SASTRY SRI VENKATESWARA HINDU COLLEGE OF ENGINEERING,3
TEEGALA KRISHNA REDDY ENGINEERING COLLEGE (AFFILIATED TO JNTUH),3
RAGIV GANDHI UNIVERSITY OF KNOWLEDGE TECHNOLOGIES,3
VIGANA BHARATHI INSTITUTE OF TECHNOLOGY,3
UNIVERSITY COLLEGE OF SCIENCE (SAIFABAD),3
JAYAMUKHI INSTITUTE OF TECHNOLOGICAL AND SCIENCES,3
UNIVERSITY COLLEGE OF ENGINEERING AND TECHNOLOGY,3
ST.ANNS COLLEGE OF ENGINEERING AND TECHNOLOGY,3
OSMANIA,3
NARSHIMHA REDDY ENGINEERING COLLEGE,3
SPHOORTHY ENGINNERING COLLEGE,3
Jntuh,3
Malla Reddy University,3
Vijay Rural Engineering College,3
NSRIT,2
VIDYA JYOTHI INSTITUE OF TECHNOLOGY,2
OSMANIA COLLEGE,2
IIT GUWAHATI,2
"CMR TECHNICAL CAMPUS, HYDERABAD",2
MUTHAYAMMAL ENGINEERING COLLEGE,2
KESHAV MEMORIAL COLLEGE OF ENGINEERING,2
SRI KRISHNADEVARAYA UNIVERSITY COLLEGE OF ENGINEERING AND TECHNOLOGY,2
BHOJREDDY ENGINEERING COLLEGE FOR WOMEN,2
LOYOLA ACADEMY,2
GEETHANJALI INSTITUTE OF SCIENCE AND TECHNOLOGY,2
IIT DELHI,2
R.M.K ENGINEERING COLLEGE,2
UNIVERSITY AT BUFFALO,2
AVINASH COLLEGE OF COMMERCE,2
MAHATMA GANDHI INSTITUTION OF TECHNOLOGY,2
SRI VENKATESWARA UNIVERSITY COLLEGE OF ENGINEERING,2
LORDS INSTITUTE OF ENGINEERING AND TECHNOLOGY,2
VELLORE INSTITUTE OF TECHNOLOGY - AP,2
"JAWAHARLAL NEHRU TECHNOLOGICAL UNIVERSITY, KAKINADA",2
NORTHWEST MISSOURI STATE UNIVERSITY,2
NATIONAL INSTITUTE OF TECHNOLOGY CALICUT,2
PES UNIVERSITY,2
ELLENKI COLLEGE OF ENGINEERING AND TECHNOLOGY,2
SAGI RAMAKRISHNAM RAJU ENGINEERING COLLEGE,2
INDUR INSTITUTE OF ENGINEERING AND TECHNOLOGY,2
IIT ROORKEE,2
JAWAHARLAL NEHRU TECHNOLOGICAL UNIVERSITY KAKINADA,2
NARAYANA ENGINEERING COLLEGE,2
JNTU KAKINADA,2
SAINT LOUIS UNIVERSITY,2
SWAMI VIVEKANANDA INSTITUTE OF TECHNOLOGY,2
CMRIT,2
SREENIDHI INSTITUE OF SCIENCE AND TECHNOLOGY,2
NORTHEASTERN UNIVERSITY,2
AMRITA VISHWA VIDYA PEETHAM,2
BENNETT UNIVERSITY,2
PUDUCHERRY TECHNOLOGICAL UNIVERSITY,2
NATIONAL INSTITUTE OF TECHNOLOGY DURGAPUR,2
DR.M.G.R EDUCATIONAL AND RESEARCH INSTITUTE,2
"AMRITA VISHWA VIDYAPEETHAM, AMRITAPURI",2
ST. MARTINS ENGINEERING COLLEGE,2
SANSKRITHI SCHOOL OF ENGINEERING,2
METHODIST COLLEGE OF ENGINEERING & TECHNOLOGY,2
SREE CHAITANYA COLLEGE OF ENGINEERING,2
VELLORE INSTITUTE OF TECHNOLOGY CHENNAI,2
SREENIDHI INSTUITE OF SCIENCE AND TECHNOLOGY,2
NBKR INSTITUTE OF SCIENCE AND TECHNOLOGY,2
VIT VELLORE,2
AMITY UNIVERSITY,2
CAPGEMINI,2
ST.ANN'S COLLEGE OF ENGINEERING & TECHNOLOGY,2
"NATIONAL INSTITUTE OF TECHNOLOGY, ANDHRA PRADESH",2
"NATIONAL INSTITUTE OF TECHNOLOGY, SILCHAR",2
VIGNAN UNIVERSITY,2
NIT ANDHRA PRADESH,2
VNR VIGNANA JYOTHI INSTITUTE OF ENGINEERING &TECHNOLOGY,2
UNIVERSITY OF TEXAS AT DALLAS,2
PVP SIDDHARTHA INSTITUTE OF TECHNOLOGY,2
GURUNANAK INSTITUTE OF TECHNICAL CAMPUS,2
TCS,2
KALASALINGAM ACEDMY OF RESEARCH AND EDUCATION,2
NALLA NARASIMHA REDDY GROUP OF INSTITUTION AND ENGINEERING,2
SACRED HEART UNIVERSITY,2
ARIZONA STATE UNIVERSITY,2
CHAITANYA DEEMED UNIVERSITY,2
VAAGDEVI INSTITUTE OF TECHNOLOGY AND SCIENCE,2
ST. ANN'S COLLEGE OF ENGINEERING AND TECHNOLOGY,2
CHRIST DEEMED TO BE UNIVERSITY,2
BHARATH UNIVERSITY,2
ANNAMACHARYA INSTITUTE OF TECHNOLOGY AND SCIENCES RAJAMPET,2
GITAM DEEMED TO BE UNIVERSITY,2
BALLARI INSTITUTE OF TECHNOLOGY AND MANAGEMENT,2
VELLORE INSTITUTION OF TECHNOLOGY,2
MADANAPALLE INSTITUTION OF TECHNOLOGY AND SCIENCES,2
G.PULLAIAH COLLEGE OF ENGINEERING AND TECHNOLOGY,2
ADITYA UNIVERSITY,2
TIRUMALA ENGINEERING COLLEGE,2
SREENIVASA INSTITUTE OF TECHNOLOGY AND MANAGEMENT STUDIES,2
AVN INSTITUTE OF ENGINEERING AND TECHNOLOGY,2
SIDDHARTHA INSTITUTE OF TECHNOLOGY AND SCIENCES,2
VNR VIGNAN JYOTHI INSTITUTE OF ENGINEERING AND TECHNOLOGY,2
IIITDM KANCHEEPURAM,2
JOGINPALLY B.R ENGINEERING COLLEGE,2
KRISHNA UNIVERSITY COLLEGE OF ENGINEERING AND TECHNOLOGY,2
G PULLA REDDY ENGINEERING COLLEGE,2
KIIT UNIVERSITY,2
UNIVERSITY OF NORTH CAROLINA AT GREENSBORO,2
SREE DATTHA INSTITUTE OF ENGINEERING & SCIENCE,2
JNTUGV,2
"CMR INSTITUTE OF TECHNOLOGY, HYDERABAD",2
SRK INSTITUTE OF TECHNOLOGY,2
JAYPEE INSTITUTE OF INFORMATION TECHNOLOGY,2
SAGI RAMA KRISHNAM RAJU ENGINEERING COLLEGE,2
ST. MARTIN'S ENGINEERING COLLEGE,2
"MLR INSTITUTE OF TECHNOLOGY (MLRIT), HYDERABAD",2
SRKREC,2
AMRITA VISHWA VIDHYAPEETHAM,2
SASI INSTITUTE OF TECHNOLOGY AND ENGINERRING,2
ACHARYA INSTITUTE OF TECHNOLOGY,2
KONERU LAKSHMAIAH UNIVERSITY,2
MANIPAL INSTITUTE OF TECHNOLOGY,2
AVANTHI INSTITUTE OF ENGINEERING AND TECHNOLOGY,2
GUDLAVALLERU ENGINEERING COLLEGE,2
"CHAITANYA BHARATI INSTITUTE OF TECHNOLOGY, PRODDATUR",2
SATHYABAMA UNIVERSITY OF SCIENCE AND TECHNOLOGY,2
SRMIST,2
MALLAREDDY ENGINEERING COLLEGE,2
NATIONAL INSTITUTE OF TECHNOLOGY KARNATAKA,2
"VELLORE INSTITUTE OF TECHNOLOGY,VELLORE",2
SASTRA DEEMED TO BE UNIVERSITY,2
NARASARAOPET ENGINEERING COLLEGE,2
PRIST UNIVERSITY,2
"MALLA REDDY COLLEGE OF ENGINEERING AND TECHNOLOGY, HYDERABAD",2
SRINIVASA RAMANUJAN INSTITUTE OF TECHNOLOGY,2
VIGNAN INSTITUE OF TECHNOLOGY AND SCIENCE,2
SRM,2
MLRITM,2
JNTU COLLEGE OF ENGINEERING,2
NO,2
R.V.R. & J.C. COLLEGE OF ENGINEERING,2
GURUNANAK INSTITUTIONS TECHNICAL CAMPUS,2
HYDERABAD INSTITUTION OF TECHNOLOGY AND MANAGEMENT,2
"RAJIV GANDHI UNIVERSITY OF KNOWLEDGE TECHNOLOGIES, NUZVID",2
VIGNAN INSTITUTE OF INFORMATION AND TECHNOLOGY,2
"VELLORE INSTITUTE OF TECHNOLOGY,CHENNAI",2
BHARATH INSTITUTION OF HIGHER EDUCATION AND TECHNOLOGY,2
SAI RAJESWARI INSTITUTE OF TECHNOLOGY,2
AVANTI INSTITUTE OF ENGINEERING AND TECHNOLOGY,2
VEL TECH RANGARAJAN DR.SAGUNTHALA R&D INSTITUTE OF SCIENCE AND TECHNOLOGY,2
MATRUSRI ENGINNERING COLLEGE,2
CHADALAWADA RAMANAMMA ENGINEERING COLLEGE,2
RAJIV GANDHI UNIVERSITY OF KNOWLEDGE TECHNOLOGIES NUZVID,2
KOMMURI PRATAPREDDY INSTITUTE OF TECHNOLOGY,2
MALLAREDDY ENGINEERING COLLEGE AND MANAGEMENT SCIENCE,2
DAYANANDA SAGAR ACADEMY OF TECHNOLOGY AND MANAGEMENT,2
VIT AP UNIVERSITY,2
J.B.INSTITUTE OF ENGINEERING AND TECHNOLOGY,2
KONERU LAKSHMAIAH EDUCATION FOUNDATION,2
GOVERNMENT DEGREE COLLEGE KHAIRATABAD,2
MLR INSTITUTIONS OF TECHNOLOGY,2
MARRI LAXMAN REDDY INSTITUTION OF TECHNOLOGY,2
MARRI LAXAM REDDY INSTITUTE OF TECHNOLOGY,2
M L R INSTITUTE OF TECHNOLOGY,2
ANIL NEERUKONDA INSTITUTE OF SCIENCE AND TECHNOLOGY,2
MLRIT HYDERABAD,2
OSMANIA UNIVERSITY HYDERABAD,2
TECH MAHINDRA,2
ST.JOHNS COLLEGE OF ENGINEERING AND TECHNOLOGY,2
ST. JOHNS COLLEGE OF ENGINEERING AND TECHNOLOGY,2
SWECHA,2
MLR INSTITUTE OF TECHNOLOGY HYDERABAD,2
COGNIZANT,2
,2
KAKATIYA INSTTITUTE OF TECHNOLOGY,2
G.PULLAREDDY ENGINEERING COLLEGE,2
JNTUHCEJ,2
"VNRVJIET, HYDERABAD",2
PALLAVI ENGINEERING COLLEGE JNTUH AFFILIATED,2
JNTUH UNIVERSITY COLLEGE OF ENGINEERING JAGITIAL,2
KITSW,2
VARDHAMAN ENGINEERING COLLEGE,2
JNTUHCEH,2
CMR COLLEGE OF ENGINNERING & TECHNOLOGY,2
JAWAHARLAL NEHRU TECHNOLOGICAL UNIVERSITY OF HYDERABAD,2
VARDHAMAN COLLEGE ENGINEERING,2
STANLEY COLLEGE OF ENGINEERING AND TECHNOLOGY FOR WOMEN’S,2
MATURI VENKATA SUBBA ROA ENGINEERING COLLEGE,2
RGMCET ENGINEERING,2
GOKARAJU RANGARAJU,2
MATURI VENKATA SUBBA RAO COLLEGE,2
M.V.S.R ENGINEERING COLLEGE,2
GEETHANJALI ENGINEERING AND TECHNOLOGY,2
CHAITANYA BHARATHI INSTITUTION OF TECHNOLOGY,2
SRI SAI NEST APT,2
G.D GOENKA UNIVERSITY,2
CMRK,2
BHARATH INSTITUTE OF ENGINEERING AND TECHNOLOGY,2
ANURAG UNIVERSITY/STUDENT /CSE,2
"CMR COLLEGE OF ENGINEERING AND TECHNOLOGY (CMRCET), HYDERABAD",2
CMR COLLEGE OF ENGINNERING AND TECHNOLOGY,2
CMR GROUP OF ENGINEERING AND TECHNOLOGY,2
STANLEY ENGINEERING COLLEGE OF WOMEN'S AND TECHNOLOGY,2
MVSR ENGINNERING COLLEGE,2
INSTITUTE OF AERONAUTICAL ENGINEERING COLLEGE,2
SRINIVAS INSTITUTE OF ENGINEERING AND TECHNOLOGY,2
OU- MECS,2
CHAITNYA BHARATHI INSTITUTE OF TECHNOLOGY,2
BHARAT INSTITUTE OF ENGINEERING TECHNOLOGY,2
G.D.GOENKA UNIVERSITY,2
JAWAHARLAL NEHRU TECHNOLOGICAL UNIVERSITY HYDERABAD UNIVERSITY COLLEGE OF ENGINEERING RAJANNA SIRCILLA,2
GOKARAJU LAILAVATHI WOMENS ENGINEERING COLLEGE,2
JNTU COLLEGE OF ENGINEERING HYDERABAD,2
ANURAG ENGENEERING COLLEGE,2
GPREC,2
KLEF,2
"MATRUSRI ENGINEERING COLLEGE, OSMANIA UNIVERSITY",2
UNIVERSITY COLLEGE OF ENGINEERING OSMANIA UNIVERSITY,2
BVRITH COLLEGE OF ENGINEERING FOR WOMEN,2
BVRITHYDERABAD COLLEGE OF ENGINEERING FOR WOMEN,2
"G. PULLA REDDY ENGINEERING COLLEGE, KURNOOL",2
G.NARAYANAMMA INSTITUTE OF TECHNOLOGY AND SCIENCES,2
MATRUSRI ENGINEERING COLLEGE OSMANIA UNIVERSITY AFFILIATED,2
CHAITANYA BHARATHI INSTITUTE OF TECHNOLOGY HYDERABAD,2
G D GOENKA UNIVERSITY,2
VAGDEVI ENGENEERING COLLEGE,2
VNR VIGNANA JYOTI INSTITUTE OF ENGINEERING AND TECHNOLOGY,2
STANLEY WOMEN'S COLLEGE OF ENGINEERING AND TECHNOLOGY,2
IFHE,2
VAAGDEVI ENGINERRING COLLEGE,2
BHARAT INSTITUTION OF ENGINEERING AND TECHNOLOGY,2
IFHE (ICFAI TECH FOUNDATION OF HIGHER EDUCATION),2
NAWAB SHAH ALAM KHAN COLLEGE OF ENGINEERING & TECHNOLOGY,2
SRIDEVI WOMEN'S ENGENEERING COLLEGE,2
BVRIT HYDERABAD COLLEGE OF ENGINNERING FOR WOMEN,2
GOKARAJU RANGARAJU COLLEGE OF ENGINEERING,2
CMR COLLEGGE OF ENGINEERING & TECHNOLOGY,2
JAWAHARLAL NEHRU TECHNOLOGICAL UNIVERSITY HYDERABAD COLLEGE OF RAJANNA SIRCILLA,2
JNTU COLLEGE OF ENGINEERING AND TECHNOLOGY,2
"JAWAHARLAL NEHRU TECHNOLOGICAL UNIVERSITY HYDERABAD, RAJANNA SIRCILLA",2
ST.MARYS ENGINEERING COLLEGE,2
AARMAHAVEER COLLEGE,2
AAR MAHAAVEER ENGINEERING COLLEGE,2
NALLA NARASIMHA REDDY (NNRG),2
G.NARAYANAMMA INSTITUTE OF TECHNOLOGY AND SCIENCE FOR WOMEN,2
NALLA NARASIMHA REDDY EDUCATIONAL SOCIETY GROUP OF INSTITUTIONS (NNRG),2
BVRIT HYDERABAD ENGINNERING COLLEGE FOR WOMEN,2
STANLEY COLLEGE OF ENGINEERING AND TECHNOLOGY FOR WOMEN AUTONOMOUS,2
GEETHAJALI COLLEGE OF ENGINNERING AND TECHNOLOGY,2
"MVSR ENGINEERING COLLEGE, HYDERABAD",2
JAWAHARLAL NEHRU TECHNOLOGICAL UNIVERSITY OF HYDERABAD UNIVERSITY COLLEGE OF RAJANNA SIRICILLA,2
NALLA NARSIMHA REDDY EDUCATION SOCIETY GROUP OF INSTITUTE,2
JBIET COLLEGE,2
ST.MARYS COLLEGE,2
ST.MARY ENGINEERING COLLEGE,2
GD GOENKA,2
"AMRITA VISHWA VIDYAPEETHAM, CHENNAI CAMPUS",2
NALLA NARSHIMHA REDDY COLLEGE,2
NALLANARSHIMAREDDYGROUPOFINSTITUTIONS,2
NALLA NARASIMHA REDDY GROUP OF INSTITUTIONS AND TECHNOLOGY,2
NALLA NARASIMHA REDDY ENGINEERING COLLEGE,2
VAAGDEVI ENGENEERING COLLEGE,2
G.NARAYANAMMA INSTITUTE OF TECHNOLOGY,2
COLLEGE STUDENT,2
ICFAI TECH UNIVERSITY,2
GOKARAJU RANGA RAJU INSTITUTE OF ENGINEERING AND TECHNOLOGY,2
STANLEY COLLEGE OF ENGINEERING AND TECHNOLOGY WOMENS,2
BVRITN,2
"GOKARAJU RANGARAJU INSTITUTE OF ENGINEERING AND TECHNOLOGY (GRIET), HYDERABAD",2
ANURAG UNIVERISTY,2
ANURAG UNIVERY,2
"MVSR ENGINEERING COLLEGE,NADERGUL",2
ST MARY ENGINEERING COLLEGE,2
SRIDEVI ENGINEERING COLLEGE,2
ICFAI TECH UNIVERSITY OF HYDERABAD.,2
BHARATH INSTITUTE OF SCIENCE AND TECHNOLOGY,2
NALLA NARSIMHA REDDY COLLEGE,2
KONNER LAKSHMAIAH UNIVERSITY,2
"MALLA REDDY ENGINEERING COLLEGE FOR WOMEN, HYDERABAD",2
JNTUH COLLEGE OF ENGINEERING RAJANNA SIRSILLA,2
JB INSTITUTE OF ENGINEERING AND TECHNOLOGY (JBIET),2
JNTU SIRICILLA,2
JNTUH SIRICILLA,2
PALLAVI,2
GOKARAJU RANGARAJU ENGINEERING COLLEGE,2
"BV RAJU INSTITUTE OF TECHNOLOGY, NARSAPUR (BVRIT-N)",2
GOKARAJU RANGARAJU INSTITUTE OF ENGINEERING AND TECHNOLOGY.,2
JOGINPALLY B.R. ENGINEERING COLLEGE,2
ST MARTINS ENGINEERING COLLEGE,2
GEETHANJALI COLLEGE,2
BVRIT COLLEGE,2
VIDYA JYOTI INSTITUTE OF TECHNOLOGY HYDERABAD,2
CMR CILLEGE OF ENGINEERING AND TECHNOLOGY,2
"GOVT POLYTECHNIC COLLEGE, MASAB TANK",2
ICFAI UNIVERSITY HYDERABAD (IBS),2
TKR ENGINEERING COLLEGE,2
BANASTHALI VIDHYAPITH,2
MADHIRA INSTITUTE OF TECHNOLOGY AND SCIENCES,2
CMR COLLEGE OF ENGINEERING AND TECHONOLOGY,2
KORRA RAHUL,2
ECE,2
CHAITANYA BHARATHI INSTITUTE OF,2
ST MARY'S ENGINEERING COLLEGE DESMUKI HYDERABAD,2
MAHARAJ VIJAYARAM GAJAPATHI RAJ COLLEGE OF ENGINEERING (AUTONOMOUS),2
MVGR COLLEGE,2
MAHARAJ VIJAYRAM GAJAPATHI RAJ COLLEGE,2
JNTU(MAHATMA GANDHI INSTITUTE OF TECHNOLOGY),2
MALLA REDDY COLLAGE OF ENGINEERING AND TECHNOLOGY,2
VNR VIGNANA JYOTHI INSTITURE OF ENGINEERING AND TECHNOLOGY,2
CHRISTU JYOTHI INSTITUTE OF TECHNOLOGY AND SCIENCE,2
JB INSTITUTE OF ENGINEERING AND TECHNOLOGY HYDEEABAD,2
MALLA REDDY COLLEGE OF ENGINEERING AND TECHNOLOGY(MRCET),2
VIDYAJYOTHI INSTITUTE OF TECHNOLOGY,2
TKR COLLEGE,2
BVRIT HYDERABAD COLLEGE OF ENGINEERING FOR WOMEN (BVRITH) HYDERABAD,2
COLLEGE-ANURAG UNIVERSITY,2
NATIONAL INSTITUTE OF TECHNOLOGY DELHI,2
MATRUSRI ENGENEERING COLLEGE,2
VARDHAMAN COLLEGE OF ENGINEERING - JNTUH,2
BTECH,2
MALLA REDDY ENGINEERING COLLEGE AND MANAGEMENT SCIENCE,2
"MAHATMA GANDHI INSTITUTE OF TECHNOLOGY,GANDIPET",2
TRINITY COLLEGE OF ENGINEERING AND TECHNOLOGY,2
ST. ANN'S COLLEGE OF ENGINEERING & TECHNOLOGY,2
ST.ANN'S COLLEGE OF ENGINEERING AND TECHNOLOGY CHIRALA,2
JAYAMUKHI INSTITUTE OF TECHNOLOGY SCIENCE,2
UNIVERSITY COLLEGE OF ENGINEERING AND TECHNOLOGY MAHATMA GANDHI UNIVERSITY NALGONDA,2
MAHATMA GANDHI UNIVERSITY NALGONDA,2
MGU NALAGONDA,2
VBIT COLLEGE,2
GEETHANJALI,2
STANLEY COLLEGE OF ENGINEERING AND TECHNOLOGY FOR WOMEN AFFILIATED WITH OSMANIA UNIVERSITY,2
STANLEY COLLEGE,2
"NARSIMHA REDDY ENGINEERING COLLEGE,HYD",2
GEETHANJALI COLLEGE OF ENGG. AND TECH.,2
CHAITANYA BHARATHI INSTITUTE OF TECHNOLOGY (CBIT),2
GITAM UNIVERSITY HYD,2
Vignan institute of technology and science,2
Vignan Institute of Technology and Science,2
VIGNAN INSTITUTE OF TECHNOLOGY AND SCIENCE ,2
None,2
Jawaharlal Nehru Technological University Hyderabad ,2
Anurag University,2
Vasavi college of engineering ,2
Sreenidhi institute of science and technology,2
Chaitanya Bharathi Institute of Technology ,2
Malla Reddy University ,2
Stanley college of engineering and technology for women ,2
G. Narayanamma Institute of Technology and Science ,2
Jawaharlal Nehru Technological University Hyderabad,2
Vignana Bharathi Institute of Technology,2
Chaitanya Bharathi Institute Of Technology,2
Vignana Bharathi Institute of Technology ,2
LOVELY PROFESSIONAL,1
VEMANA INSTITUTE OF TECHNOLOGY,1
SRI SAI COLLEGE OF MANAGEMENT,1
LKDFJAKLD,1
ARJUN COLLEGE OF TECHNOLOGY,1
SRI VENKATESHWARA UNIVERSITY,1
ANJIRACHAPI143@GMAOL.COM,1
SWARNANDHRA COLLEGE OF ENGINEERING TECHNOLOGY,1
HCLTECHNOLOGIES,1
ROHITH VELTURI,1
DR AMBEDKAR OPEN UNIVERSITY,1
"DAYANANDA SAGAR ACADEMY OF TECHNOLOGY AND MANAGEMENT, BENGALURU",1
MNR COLLEGE OF ENGINEERING AND TECHNOLOGY,1
UNIVERSITY OF ILLINOIS SPRINGFIELD,1
SUNY NEW PALTZ & WASHINGTON UNIVERSITY OF SCIENCE AND TECHNOLOGY,1
VNRVJIET AFFILIATED TO JNTU HYD,1
SRI VENKATESWARA COLLEGE OF ENGINEERING TIRUPATI,1
PRAKASAM ENGINEERING COLLEGE,1
VASIREDDY VENKATADHRI INSTITUTE OF TECHNOLOGY,1
WILMINGTON UNIVERSITY,1
TEXAS A&M CORPUS CHRISTI,1
HARRISBURG UNIVERSITY,1
"ARIZONA STATE UNIVERSITY, TEMPE, ARIZONA, UNITED STATES",1
SRI KRISHNA DEVARAYA UNIVERSITY,1
THE OXFORD COLLEGE OF ENGINEERING,1
VIGNAN BHARTHRI ENGINEERING COLLEGE,1
SVR ENGINEERING COLLEGE,1
RAMACHANDRAN COLLEGE OF ENGINEERING,1
CHIRAYU,1
ME,1
SVCET,1
AMRITA SCHOOL OF ENGINEERING,1
ELLANKI COLLEGE OF ENGINEERING AND TECHNOLOGY,1
ADITHYA,1
GAYATRI VIDYA PARISHAD COLLAGE FOR DEGREE AND PG COURSES,1
R.M.D ENGINEERING COLLEGE,1
SRM UNIVERSITY RAMAPURAM,1
BANK OF BARODA,1
UNIVERSITY COLLEGE OF SCIENCE SAIFABAD,1
GURU NANAK INSTITUTE OF TECHNICAL CAMPUS,1
UNIVERSITY OF ILLINOIS CHICAGO,1
AVINASH DEGREE COLLEGE,1
SWARANDHARA COLLEGE OF ENGINEERING AND TECHNOLOGY,1
PURDUE UNIVERSITY,1
WELLSFARGO,1
INTELIVERSE TECH SOLUTIONS LLP,1
BASI REDDY MEMORIAL DEGREE COLLEGE,1
"CMR COLLEGE OF ENGINEERING & TECHNOLOGY, HYDERABAD (CMRCET)",1
PRAKASAM ENGINEERING COLLEGE(JNTUK),1
"NRI INSTITUTE OF TECHNOLOGY, VIJAYAWADA",1
HKBK COLLEGE OF ENGINEERING,1
KAMALA INSTITUTE OF TECHNOLOGY AND SCIENCE,1
TGRS JC BOYS TOOPRAN,1
PACE INSTITUE OF TECHNOLOGY AND SCIENCES,1
SRI CHAITANYA TECHNICAL CAMPUS,1
GURU NANAK INSTITUTIONS,1
AUDISAKARA COLLEGE OF ENGINEERING AND TECHNOLOGY,1
SRM INSTITUTE OF SCIENCE AND TECHNOLOGY KATTANKULATHUR,1
BMR DEGREE COLLEGE GAJWEL,1
SRI VIDHYA DEGREE COLLEGE,1
RAGHU INSTIUTE OF TECHNOLOGY,1
OREGON STATE UNIVERSITY,1
BMSCE,1
"JNTUH AFFILIATED , B V RAJU INSTITUTE OF TECHNOLOGY",1
KODNEST,1
JAGANS COLLEGE OF ENGINEERING TECHNOLOGY,1
MALLA REDDY COLLEGE OF ENGINEERING& TECHNOLOGY,1
SDHR DEGREE COLLEGE,1
CENTURION UNIVERSITY,1
M S RAMAIAH UNIVERSITY OF APPLIED SCIENCE,1
ANDHAR UNIVERSITY,1
"INDIAN INSTITUTE OF INFORMATION TECHNOLOGY SENAPATI, MANIPUR",1
PACE INSTITUTE OF TECHNOLOGY AND SCIENCE,1
MESCO INSTITUTE OF MANAGEMENT & COMP SCIENCES,1
HOLYMARY DEGREE COLLEGE,1
IIIT NAGPUR,1
NATIONAL INSTITUTE OF TECHNOLOGY TIRUCHIRAPPALLI,1
YSR ENGINEERING COLLEGE OF YVU,1
VIGNAN'S LARA INSTITUTE OF TECHNOLOGY & SCIENCE,1
MAHINDRAUNIVERSITY,1
JNTUA COLLEGE OF ENGINEERING PULIVENDULA,1
ANNAMACHARYA INSTITUTE OF TECHNOLOGY AND SCIENCES (KADAPA),1
MGIT-HYDERABAD,1
AURORA DEEMED UNIVERSITY,1
INDIRA PRIYADARSHINI GOVERNMENT DEGREE COLLEGE,1
COGNITIVEBOTICS,1
R V INSTITUTE OF TECHNOLOGY AND MANAGEMENT,1
BALAJI INSTITUTION OF TECHNOLOGY AND SCIENCE,1
REALPAGE,1
VELLORE INSTITUTE OF TECHNOLOGY -AP,1
KESHAV MEMORIAL INSTITUTE OF TECHNOLOGY.,1
MALLA REDDY COLLEGE OF ENGINEERING MRCE,1
RAYALASEEMA UNIVERSITY,1
JNTUA SCHOOL OF MANAGEMENT STUDIES,1
GATES INSTITUTE OF TECHNOLOGY,1
ST MARTIN'S ENGINEERING COLLEGE,1
OSMANI UNIVERSITY,1
NEW ENGLAND COLLEGE,1
"J.B.I.E.T, HYDERABAD",1
GURUNANAK INSTITUTIONS OF TECHNICAL CAMPUS,1
IIT INDORE,1
SHREE MEDHA DEGREE COLLEGE,1
PRINCETON COLLEGE OF ENGINEERING AND TECHNOLOGY FOR WOMEN,1
JAYPEE UNIVERSITY OF INFORMATION TECHNOLOGY,1
AVANTI SCIENTIFIC AND RESEARCH ACADEMY,1
JOB SEARCH,1
DHANALAKSHMI SRINIVASAN UNIVERSITY,1
VIGNAN LARA INSTITUTE OF TECHNOLOGY & SCIENCES,1
LIONORBIT.COM,1
"AMRITA SCHOOL OF ENGINEERING, BENGALURU",1
"VELLORE INSTITUTE OF TECHNOLOGY, AP CAMPUS",1
"VIGNAN’S FOUNDATION FOR SCIENCE, TECHNOLOGY & RESEARCH (VFSTR), GUNTUR",1
KARUNYA INSTITUTE OF TECHNOLOGY AND SCIENCES,1
DNR COLLEGE,1
CHAITANYA BHARATI INSTITUTE OF TECHNOLOGY (CBIT),1
SAVEETHA INSTITUTE OF MEDICAL AND TECHNICAL SCIENCES,1
BNM INSTITUTE OF TECHNOLOGY,1
PRATHYUSHA ENGINEERING COLLEGE,1
"INDIAN INSTITUTE OF INFORMATION TECHNOLOGY, KOTA",1
SRMAP UNIVERSITY,1
SOILSOFT TECHNOLOGIES,1
VISHWA VISHWA INSTITUTE,1
VIGNAN INSTITUTE OF ENGINEERING FOR WOMEN,1
JAYA PRAKASH NARAYAN COLLEGE OF ENGINEERING,1
IIT KANPUR,1
"ADITYA ENGINEERING COLLEGE, SURAMPALEM",1
SANKETIKA VIDYA PARISHAD ENGENEERING COLLEGE,1
SIR PADAMPAT SINGHANIA UNIVERSITY,1
VIJAY RURAL ENGINEERING COLLEGE,1
"VISHNU INSTITUTE OF TECHNOLOGY, BHIMAVARAM",1
JNTUK(PRAGATI ENGINEERING COLLEGE),1
G.PULLAIAH COLLEGE ENGINEERING AND TECHNOLOGY,1
SRI HARSHINI DEGREE COLLEGE,1
UNIVERSITY OF CINCINNATI,1
SAMHITHA DEGREE COLLEGE,1
IIT MADRAS BS DEGREE DATASCIENCE + ARTIFICIAL INTELLEGENCE AND MACHINE LEARNING FROM PVP SIDDHARTHA (JNTUK KAKINADA),1
SWARANDHRA COLLEGE OF ENGINEERING AND TECHNOLOGY,1
ST. FRANCIS COLLEGE,1
"AMRITA VISHWA VIDYAPEETHAM, CHENNAI",1
LOVELY PROFFESSIONAL UNIVERSITY,1
UNIVERSITY OF VISVESVARAYA COLLEGE OF ENGINEERING,1
ANUBOSE INSTITUTE OF TECHNOLOGY,1
VIRGINIA UNIVERSITY SCIENCE AND TECHNOLOGY,1
TSWRDC MAHENDRAHILLS AFFILIATED WITH OSMANIA UNIVERSITY,1
AMRITA VISHWA VIDYAPEETHAM CHENNAI CAMPUS,1
KKR & KSR INSTITUTE OF TECHNOLOGY AND SCIENCES,1
SHRI VISHNU ENGINERING COLLEGE FOR WOMEN,1
"OSMANIA DEGREE COLLEGE, KURNOOL",1
MERCEDES BENZ,1
ST PETER’S ENGINEERING COLLEGE,1
SEA COLLEGE OF ENGINEERING AND TECHNOLOGY,1
TEXAS A&M,1
MIRACLE SOFTWARE SYSTEMS,1
GIET COLLEGE OF ENGINEERING,1
"UNIVERSITY OF NORTH TEXAS,DENTON",1
RISHIHOOD UNIVERSITY,1
VNR VIGNANA JYOTHI INSTITUTE OF ENGINNERING AND TECHNOLOGY,1
OUTLIER,1
"APS COLLEGE OF ENGINEERING (VTU), KARNATAKA",1
IIIT BANGALORE COLLEGE,1
UNITY DEGREE COLLEGE,1
HEXAWARE TECHNOLOGIES,1
SRI CHANDRASEKHARENDRA SARASWATHI VISWA MAHAVIDYALAYA,1
ADAMS ENGINEERING COLLEGE,1
COVESTRO AG,1
NCI,1
UNIVERSITY OF NEWHAVEN,1
SIMON FRASER UNIVERSITY,1
"CALIFORNIA STATE UNIVERSITY, FRESNO",1
"GANDHI INSTITUTE OF TECHNOLOGY, VISAKHAPATNAM",1
PRIST DEEMED UNIVERSITY,1
DMSSVH COLLEGE,1
BANKATLAL BADRUKA COLLEGE FOR INFORMATION AND TECHNOLOGY,1
RMD ENGINEERING COLLEGE,1
"SRM UNIVERSITY,AP.",1
SRM UNIVERSITY-AP.,1
S R UNIVERSITY,1
VIJAYA ENGINEERING COLLEGE KHAMMAM AFFILIATED TO JNTUH,1
"INTERNATIONAL INSTITUTE OF INFORMATION TECHNOLOGY, BANGALORE",1
POST GRADUATE COLLEGE SECENDRABAD,1
INDIAN INSTITUTE OF INFORMATION TECHNOLOGY SRI CITY AP,1
ST JOSEPH'S DEGREE COLLEGE,1
KLH UNIVERSITY,1
ABHINAV BALAJI,1
OMEGA BUSINESS SCHOOL,1
NAIMISA PHYSIOTHERAPY,1
SRM AP UNIVERSITY,1
DMSSVH COLLEGE OF ENGINEERING MACHILIPATNAM AFFLIATED TO JNTUK,1
NBKRIST,1
ADARSH COLLEGE OF ENGINEERING,1
MALLA REDDY COLLEGE OF ENGINEERING NGINEERING AND TECHNOLOGY,1
MALAVIYA NATIONAL INSTITUTE OF TECHNOLOGY JAIPUR,1
"INSTITUTE OF AERONAUTICAL ENGINEERING (IARE), HYDERABAD",1
CHAITANYA BHARATHI INSTITUTE OF TECHNOLOGY PRODDATUR,1
APARAJITHA SOFTWARE SERVICES LIMITED,1
UNIVERSITY OF BRISTOL,1
GAYATRI VIDYA PARISHAD COLLEGE OF ENGINEERING FOR WOMEN,1
SREYAS INSTITUTE OF ENGINEERING AND TECHNOLOGY HYDERABAD,1
LORDS INSTITUTE OF ENGINEERING & TECHNOLOGY,1
AMAZON,1
"MATURI VENKATA SUBBA RAO COLLEGE OF ENGINEERING, AFFILIATED TO OSMANIA UNIVERSITY",1
ST. ANN'S AUTONOMOUS COLLEGE OF ENGINEERING AND TECHNOLOGY,1
UNIVERSITY OF CONNECTICUT,1
JYOTHISHMATHI INSTITUTE OF TECHNOLOGY AND SCIENCE,1
SRI VENKATESWARA COLLEGE OF ENGINEERING KADAPA,1
INDIAN INTITUTE OF TECHNOLOGY MANDI,1
"DIET, GANGURU",1
SIDDHARTHA INSTITUTE OF TECHNOLOGY AND SCIENCE,1
VIGNAN FOUNDATION FOR SCIENCE TECHNOLOGY AND RESEARCH,1
"JAWAHARLAL NEHRU TECHNOLOGICAL UNIVERSITY, ANANTAPUR",1
DAYANANDA SAGAR COLLEGE OF ENGINEERING COLLEGE,1
VELLORE INSTITUTE OF TECHNOLOGY- AP,1
B V RAJU INSTITUTION OF TECHNOLOGY,1
SRMAP,1
SREE VENKATESHWARA COLLEGE OF ENGINEERING,1
"BVC COLLEGE OF ENGINEERING, PALACHARLA",1
"MAYNOOTH UNIVERSITY, IRELAND",1
SRI INDU COLLEGE OF ENGINEERING AND TECHNOLOGY (AFFLIATED BY JNTU),1
ST MARY'S GROUP OF INSTITUTIONS GUNTUR,1
AMRITA VISHWA VIDYAPETHAM,1
ANDHRA UNIVERSITY COLLEGE OF ENGEENERING (A),1
RAVINDRA COLLEGE OF ENGINEERING FOR WOMEN,1
SRI KAALAHASTISWARA INSTITUTE OF INFORMATION AND MANAGEMENT SCIENCES,1
B V RAJU INSTITUTE OF SCIENCE AND TECHNOLOGY,1
JAWAHARLAL NEHRU TECHNOLOGICAL UNIVERSITY ANANTAPUR,1
AEROSTAR ENGINEERING,1
AURORA SCIENTIFIC AND TECHNOLOGICAL INSTITUTE,1
"GITAM INSTITUTE OF TECHNOLOGY , VISAKHAPATNAM",1
PSCMR,1
UNIVERSITY OF ILLINOIS URBANA CHAMPAIGN,1
GOVERNMENT COLLEGE AUTONOMOUS RAJAHMUNDRY,1
KASIREDDY NARAYANREDDY COLLEGE OF ENGINEERING AND RESEARCH,1
GITAM DEEMED UNIVERSITY HYDERABAD,1
GURUNANAK ENGINEER,1
ANGLIA RUSKIN UNIVERSITY,1
QUEEN MARY UNIVERSITY OF LONDON ( GRADUATE ),1
VIGNANS INSTITUTE OF INFORMATION TECHNOLOGY (A),1
KENT STATE UNIVERSITY,1
DR.MGR,1
RAJIV GANDHI UNIVERSITY KF KNOWLEDGR AND TECHNOLOGY,1
MALINENI LAKSHMAIAH WOMEN'S ENGINEERING COLLGE,1
VELAGAPUDI RAMAKRISHNA SIDDHARTHA ENGINEERING,1
GEETHAJALI COLLEGE OF ENGINEERING AND TECHNOLOGY,1
"VALLURUPALLI NAGESWARA RAO VIGNANA JYOTHI INSTITUTE OF ENGINEERING AND TECHNOLOGY (VNRVJIET),JNTUH",1
B.V.RAJU COLLEGE,1
"GURU NANAK INSTITUTIONS TECHNICAL CAMPUS, HYDERABAD",1
RAJIV GANDHI UNIVERSITY OF KNOWLEDGE AND TECHNOLOGY BASAR,1
CHAITANYA INSTITUTE OF TECHNOLOGY AND SCIENCE,1
SATHYABAMA,1
PALAR AGRICULTURAL COLLEGE,1
VELAGAPUDI RAMAKRISHNA SIDDHARTHA ENGINEERING COLLAGE,1
SIR C R REDDY ENGINEERING COLLEGE OF ENGINEERING,1
SPHN,1
EADA BUSINESS SCHOOL,1
G PULLAIAH COLLEGE OF ENGINEERING AND TECHNOLOGY,1
UNH,1
R.V.R & J.C. COLLEGE OF ENGINEERING,1
TELANGANA MAHILA UNIVERSITY,1
"JNTU,HYDERABAD",1
SIR C.R.REDDY COLLEGE OF ENGINEERING ELURU,1
"INDIAN INSTITUTE OF INFORMATION TECHNOLOGY, NAGPUR",1
PROFESSOR JAYASHANKAR TELANGANA STATE AGRICULTURAL UNIVERSITY,1
INDIAN INSTITUTE OF INFORMATION TECHNOLOGY BHAGALPUR,1
DVR &DR.HS MIC COLLEGE OF TECHNOLOGY,1
MALLAREDDY INSTITUTE OF TECHNOLOGY AND SCIENCES,1
THE ICFAI UNIVERSITY RAIPUR,1
SRI INDU INSTITUTE OF MANAGEMENT,1
SRI VENKATESHWARA COLLEGE OF ENGINEERING,1
NAGARJUNA UNIVERSITY UNIVERSITY CAMPUS GUNTUR,1
IIIT SONEPAT,1
PVP SIDDHARTH INSTITUTE OF TECHNOLOGY,1
GOKARAJU LAITHAVATHI ENGINEERING COLLEGE,1
VASIREDDY VENKATADRI INSTITUTE OF TECHNOLOGY (VVIT),1
COLLEGE- KPRIT,1
TALLA PADMAVATHI COLLEGE OF ENGINEERING,1
JNTU(VBIT),1
PALADUGU PARVATHI DEVI COLLEGE OF ENGINEERING AND TECHNOLOGY,1
ROBERT MORRIS UNIVERSITY,1
GIET UNIVERSITY,1
ASRITHAKROTHA@GMAIL.COM,1
NATIONAL INSTITUTE OF TECHNOLOGY MEGHALAYA,1
VIGNAN'S INSTITUTE OF ENGINEERING FOR WOMEN,1
C R RAO AIMSCS,1
JEPPIAAR INSTITUTE OF TECHNOLOGY,1
RMK COLLEGE OF ENGINEERING AND TECHNOLOGY,1
GEORGE MASON UNIVERSITY,1
DIABSOLUT,1
VELLORE INSTITUTE OF TECHNOLOGY AMARAVATI,1
ANURAG ENGINEER COLLEGE,1
OKLAHOMA STATE UNIVERSITY,1
KALASALINGAM,1
WUST,1
DR MGR EDUCATIONAL AND RESEARCH INSTITUTE,1
VIGNANA JYOTHI INSTUTITE OF ARTS AND SCIENCE,1
JAYPEE UNIVERSITY OF ENGINEERING AND TECHNOLOGY,1
SRU UNVERISY,1
IIIT VADODARA INTERNATIONAL CAMPUS DIU,1
GURUNANAK INSTITUTION OF TECHNOLOGY,1
GURUKUL KANGRI UNIVERSITY,1
CHAITANYA DEEMED TOBE UNIVERSITY,1
NBKR INSTITUTE OF SCIENCE AND TECHNOLOY,1
SUVEGA TECHNOLOGIES PVT LTD,1
"UNIVERSITY OF MARYLAND, BALTIMORE COUNTY",1
CMR ENGINEERING COLLAGE,1
UNIVERSITY OF FINDLAY,1
KALLAM HARANADHAREDDY INSTITUTE OF TECHNOLOGY,1
COMMUNITY DREAMS FOUNDATION,1
"BALAJI INSTITUTE OF TECHNOLOGY AND SCIENCES, WARANGAL.",1
SRI CHAITANYA INSTITUTE OF TECHNOLOGY SCIENCES,1
VELLORE INSITUTE OF TECHNOLOGY,1
AVN INSTITUTION OF ENGINEERING AND TECHNOLOGY,1
TKR COLLEGE OF ENGINEERING ANDTECHNOLOGY,1
SRI KRISHNA DEVARAYA COLLEGE OF ENGINEERING AND TECHNOLOGY,1
PRIYADRASINI INSTITUTE OF TECHNOLOGY AND SCIENCE,1
JNTU ANATHAPUR,1
CARNEGIE MELLON UNIVERSITY AFRICA,1
UNIVERSITY OF MISSOURI,1
RV UNIVERSITY,1
POTTI SRIRAMULU CHALVADI MALLIKARJUNA RAO COLLEGE OF ENGINEERING AND TECHNOLOGY,1
SOUTHEAST STATE UNIVERSITY,1
SS&C,1
SIVA SIVANI INSTITUTE OF MANAGEMENT,1
INSTAGRAM,1
"UNIVERSITY OF BEDFORDSHIRE, UNITED KINGDOM",1
NAPIER HEALTH CARE,1
ANDHRA LOYOLA COLLEGE,1
NATIONAL INSTITUTE OF TECHNOLOGY SURATHKAL,1
GARDEN CITY UNIVERSITY,1
NIAT,1
OLD BRIDGE HIGH SCHOOL,1
RAJIV GANDHI UNIVERSITY OF KNOWLEDGE AND TECHNOLOGY RK VALLEY,1
"CVR COLLEGE OF ENGINEERING, JNTUH",1
SRKR BHIMAVARAM,1
D.N.R COLLEGE OF ENGINEERING AND TECHNOLOGY,1
PONNAIYAH RAMAJAYAM INSTITUTE OF SCIENCE AND TECHNOLOGY,1
LAKIREDDYBALIREDDY COLLEGE OF ENGINEERING,1
ESWAR COLLEGE OF ENGINEERING,1
KNRR,1
IIIT SRIKAKULAM,1
VASIREDDY VENKTADRI INSTITUTE OF TECHNOLOGY,1
INKPROG TECHNOLOGIES,1
MISSOURI UNIVERSITY OF SCIENCE AND TECHNOLOGY,1
IVY (ENTAIN PLC),1
BV RAJU COLLEGE,1
VIGANA DEGREE COLLEGE,1
MASTERJI DEGREE AND PG COLLEGE,1
P.S.V COLLEGE OF ENGINEERING AND TECHNOLOGY,1
UNIVERSITY COLLEGE OF ENGINEERING AND TECHNOLOGY FOR WOMEN(KAKATIYA UNIVERSITY),1
"UNIVERSITY COLLEGE OF ENGINEERING AND TECHNOLOGY MAHATMA GANDHI UNIVERSITY, NALGONDA",1
VIGNAN DEGREE AND PG COLLEGE,1
TURING,1
"B.V.RAJU COLLEGE, BHIMAVARAM",1
CIT,1
LENDI INSTITUE OF ENGINEERING AND TECHNOLOGY,1
GAYATRI VIDYA PARISHAD COLLEGE FOR DEGREE AND PG COURSES (A),1
"MATURI VENKATA SUBBA RAO (MVSR) ENGINEERING COLLEGE, HYDERABAD",1
ASPIRING ENTREPRENEUR,1
VIGNANA INSTITUTE OF INFORMATION TECHNOLOGY,1
ACT FIBERNET,1
VIGNAN INSTITUTE OF MANAGEMENT AND TECHNOLOGY FOR WOMEN,1
VIGNAN INSTIUTE OF INFORMATION TECHNOLOGY,1
"AMRITA VISHWA VIDYAPEETHAM, KOLLAM, KERALA",1
AIAT,1
LITTLE FLOWERS DEGREE COLLEGE,1
SANA ENGINEERING COLLEGE,1
SHRI MADHWA VADIRAJA INSTITUTE OF TECHNOLOGY & MANAGEMENT (SMVITM),1
FERGUSON CENTRE FOR HIGHER LEARNING,1
H MEDIA NETWORKS INDIA PVT LTD,1
JNTUH COLLEGE OF ENGINEERING MANTHWNI,1
IIIT SRI CITY,1
MOTHER THERESA DEGREE COLLEGE,1
"UNIVERSITY COLLEGE OF SCIENCE, SAIFABAD",1
VIVEKANANDA INSTITUTE OF TECHNOLOGY,1
AMRITA UNIVERSITY,1
BRILLIANT INSTITUTE OF TECHNOLOGY,1
GANDHI INSTITUTE IF TECHNOLOGY AND MANAGEMENT,1
INFOSYS,1
BRILLIANT GRAMMAR SCHOOL EDUCATIONAL SOCIETY'S GROUP OF INSTITUTIONS-INTEGRATED CAMPUS,1
ANU UNIVERSITY,1
EAST WEST INSTITUTE OF TECHNOLOGY,1
GENPACT PVT LTD,1
BVC ENGINEERING COLLEGE,1
NATIONAL COLLEGE OF IRELAND,1
FLORIDA ATLANTIC UNIVERSITY,1
S J C INSTITUTE OF TECHNOLOGY,1
ST JOSEPH'S DEGREE AND PG COLLEGE,1
MURRAY STATE UNIVERSITY,1
BRADLEY UNIVERSITY,1
HUMANA,1
ANDHRA UNIVERSITY ( GVPCE),1
BRILLIANT GROUPS OF INSTITUTIONS AND TECHNOLOGY,1
CHICAGO STATE UNIVERSITY,1
PRIYADARSHINI INSTITUTE OF TECHNOLOGY AND MANAGEMENT,1
G.NARAYANAMMA INSTITUTE OF TECHNOLOGY AND SCIENCE (AFFILIATED WITH JNTUH),1
"RAJIV GANDHI UNIVERSITY OF KNOWLEDGE TECHNOLOGIES,RK VALLEY",1
"SAHYADRI COLLEGE OF ENGINEERING AND MANAGEMENT, MANGALORE",1
GANDHI INSTITUTE OF TECHNOLOGY AND MANAGEMENT(GITAM) BENGALURU,1
MALLA REDDY INSTITUTE OF TECHNOLOGY HYDERABAD,1
MADANAPALLI INSTITUTE OF TECHNOLOGY AND SCIENCE,1
VIGNAN'S NIRULA INSTITUTE OF TECHNOLOGY AND SCIENCE FOR WOMEN,1
EXPERIAN,1
SRI VENKATESWARA UNIVERSITY TIRUPATI,1
SAILS SOFTWARE SOLUTIONS,1
KESHAV MEMORIAL INSTITUTE OF TECHNOLOGY (JNTUH),1
"CMR TECHNICAL CAMPUS, KANDLAKOYA, HYDERABAD",1
CENTRAL UNIVERSITY OF KARNATAKA,1
VIKAS GROUP OF INSTITUTIONS,1
UCD,1
LAKKIREDDY BALIREDDY COLLEGE OF ENGINEERING,1
RAJIV GANDHI UNIVERSITY OF KNOWLEDGE AND TECHNOLOGY,1
RGUKT-BASAR,1
VTU BELGAUM,1
JNTHU,1
IIIT BASAR,1
AVANTHI ENGINEERING COLLEGE,1
JAWAHARLAL NEHRU TECHNOLOGICAL UNIVERSITIES OF HYDERABAD,1
"MATRUSRI ENGINEERING COLLEGE,SAIDABAD,HYDERABAD",1
COLLEGE : AMRITA VISHWA VIDYAPEETHAM,1
KRISHNA UNIVERSITY MACHILIPATNAM,1
COVENTRY UNIVERSITY,1
"RAJIV GANDHI UNIVERSITY OF KNOWLEDGE TECHNOLOGIES, IIIT BASAR",1
ANNAMACHARYA INSTITUTE OF TECHNOLOGY AND SCIENCE RAJAMPET,1
JKC COLLEGE GUNTUR,1
G NARAYANAMMA INSTITUTE OF TECHNOLOGY AND SCIENCE FOR WOMEN,1
"RAJIV GANDHI UNIVERSITY OF KNOWLEDGE TECHNOLOGIES,BASAR",1
SOCIAL PRACHER,1
ARIZONA STATE UNIVERSIY,1
"ICFAI UNIVERSITY , HYDERABAD",1
MALLA REDDY ENGRIEENG COLLEGE FOR WOMEN,1
MARRI LAXMAN REDDY INSTITUTE OF TECHNOLOGY AND MANAGEMENT(MLRITM),1
VISVESWARAYA TECHNOLOGICAL UNIVERSITY BELAGAVI,1
WIPRO,1
TORRENS UNIVERSITY,1
"EX AMAZON, WIPRO, HSBC",1
"NATIONAL INSTITUTE OF TECHNOLOGY , DURGAPUR",1
MASTERS GRADUATE,1
CGI,1
NIT DELHI,1
.,1
MAHAVEER INSTUITE OF SCIENCE AND TECHNOLOGY,1
S.V.DEGREE COLLEGE,1
CHHS,1
SRI VASAVI GMR DEGREE COLLEGE,1
MALLAREDY COLLEGE,1
VASIREDDY VENKATDRI INSTITUTE TECHNOLOGY,1
EY,1
JAWAHARLAL NEHRU TECHNOLOGICAL UNIVERSITY HYDERABAD UNIVERSITY COLLEGE OF ENGINEERING JAGTIAL,1
VFX INDUSTRY,1
BBCIT,1
BRN INFO TECH,1
DVR AND DR HS MIC COLLAGE OF TECHNOLOGY,1
LAKKIREDDY BALI REDDY COLLEGE OF ENGINEERING,1
AVANTHI'S SCIENTIFIC TECHNOLOGICAL AND RESEARCH ACADEMY,1
MARRI LAXMAN REDDY INSTITUTE OF TECHNOLOGY AND MANGEMENT,1
MINDLER,1
JNTUA COLLEGE OF ENGINEERING ANANTAPURAMU,1
AUDISANKARA INSTITUTE OF TECHNOLOGY,1
MYBIZZERP,1
"KAKATIYA INSTITUTE OF TECHNOLOGY AND SCIENCE, WARANGAL",1
SWARNA BHARATHI INSTITUTE OF SCIENCE AND TECHNOLOGY,1
RAJIV GANDHI UNIVERSITY OF KNOWLEDGE TECHNOLOGIES - RKVALLEY,1
LOVELY PROFESSSIONAL UNIVERSITY,1
MALLAREDDY ENGINEERING COLLAGE FOR WOMEN,1
KAKINADA INSTITUTE OF TECHNOLOGY AND SCIENCE,1
ORACLE INDIA PVT LTD,1
"RAJIV GANDHI UNIVERSITY OF KNOWLEDGE AND TECHNOOGIES, BASAR",1
"ASSAM UNIVERSITY, SILCHAR",1
INDIAN INSTITUTE OF INFORMATION TECHNOLOGY RANCHI,1
LAKKIREDDY BALIREDDY COLLEGE OF ENGINEERING AND TECHNOLOGY,1
MARYVILLE UNIVERSITY,1
BLEKINGE INSTITUTE OF TECHNOLOGY,1
RAMACHANDRA COLLEGE OF ENGINEERING VATLUR,1
VARMANI PRIYADARSHINI,1
NARASARAOPET ENGINEERING COLLEGA,1
BCBST,1
G. NARAYANAMMA INSTITUTE OF TECHNOLOGY ANS SCIENCE,1
SAVEETHA INSTITUTION OF MEDICAL AND TECHNICAL SCIENCES,1
RAJEEV GANDHI MEMORIAL COLLEGE OF ENGINEERING,1
DR LANKAPALLI BULLAYYA COLLEGE OF ENGINEERING,1
CMR UNIVERSITY,1
SR&BGNR COLLEGE KHAMMAM,1
"INSTITUTE OF INFORMATICS AND COMMUNICATION, UNIVERSITY OF DELHI",1
SILVER OAKS INTERNATIONAL SCHOOL,1
DMSS,1
Q2 SOFTWARE,1
SIRCRREDDY COLLEGE OF ENGINEERING,1
SASI INTSITUTE OF TECHNOLOGY AND ENGINEERING,1
MALLA REDDY COLLAGE OF ENGINEERING FOR WOMEN,1
NAGA IT SOLUTIONS LTD,1
DR MGR UNIVERSITY,1
SREENIDHI INSTITUTE OF SCIENCE AND TECHNOLOGY(SNIST),1
"CHANAKYA UNIVERSITY, BENGALURU",1
ANDERSON UNIVERSITY SOUTH CAROLINA USA,1
JAYAMUKHI INSTITUE OF TECHNOLOGY AND SCIENCES,1
AVINASH COMMERCE OF COLLAGE,1
ACHARYA N G RANGA AGRICULTURAL UNIVERSITY,1
"LNMIIT, JAIPUR",1
"VELLORE INSTITUTE OF TECHNOLOGY, CHENNAI",1
TECHMAHINDRA,1
INDIAN INSTITUTE OF TECHNOLOGY INDORE,1
UNIVERSITY OF MISSOURI KANSAS CITY,1
WEBSTER UNIVERSITY,1
RGUKT - SRIKAKULAM,1
10KINFO DATA SOLUTIONS,1
SRI INDU ENGINEERING AND TECHNOLOGY,1
ANNAMACHARYA INSTITUTE OF TECHNOLOGY AND SCIENCE KADAPA,1
SIR M VISVESVARAYA COLLGE OF ENGINEERING,1
SREE RAMA ENGINEERING COLLEGE,1
INDEPENDENT RESEARCHER,1
ST.MARY'S INTEGRATED CAMPUS HYDERABAD,1
MALINENI LAKSHMAIAH WOMEN'S ENGINEERING COLLEGE,1
SIDDHARTH EDUCATION ACADEMY GROUP OF INSTITUTIONS,1
HOUSEWIFE,1
UNIVERSITY OF HERTFORDSHIRE,1
NITHIN KUMAR KODIPYAKA,1
BVC INSTITUTE OF TECHNOLOGY AND SCIENCE AMALAPURAM,1
COLLEGE : JBIET,1
PRINCETON INSTITUTE OF ENGINEERING AND TECHNOLOGY FOR WOMEN,1
MALLA REDDY ENGINEERING COLLEGE ( MAIN CAMPUS),1
KBN PG CENTER,1
VEL TECH RANGARAJAN DR. SAGUNTHALA R&D INSTITUTE OF SCIENCE AND TECHNOLOGY,1
AMRITA UNIVERSITY COIMBATORE,1
SREE VAHINI INSTITUTE OF SCIENCE AND TECHNOLOGY (3RD YEAR STUDENT),1
INSTITUTE OF PUBLIC ENTERPRISE,1
VIGNAN BHARATHI INSTUATION OF TECHNOLOGY,1
LAKI REDDY BALI REDDY COLLEGE OF ENGINEERING,1
AAR MAHAVEER ENGINEER COLLEGE,1
APPLITECH TECHNOLOGIES,1
ADITYA DEGREE COLLEGE FOR WOMEN RAJAHMUNDRY,1
GODAVARI INSTITUTE OF ENGINEERING & TECHNOLOGY,1
SIDDHARTHA INSTITUTE OF ENGINEERING & TECHNOL,1
JNTUH COLLEGE OF ENGINEERING MANTHANI,1
DIGITALOPS,1
GMRIT,1
UNIVERSITY OF ALABAMA AT BIRMINGHAM,1
"AMRITA VISHWA VIDYAPEETHAM, BANGALORE",1
NB SCIENCE &PG COLLEGE,1
UNIVERSITY OF OTTAWA,1
GAYATRI DEGREE & PG COLLEGE,1
MASTERJI DEGREE COLLEGE,1
HCL IT,1
JNTUA COLLEGE OF ENGINEERING ANANTAPUR,1
ATRIA INSTITUTE OF TECHNOLOGY,1
BRILLIO TECHNOLOGY,1
PARULUNIVERSITY,1
DR BR AMBEDKAR UNIVERSITY,1
SJM INSTITUTE OF TECHNOLOGY,1
"SRI VENKATESWARA UNIVERSITY COLLEGE OF ENGINEERING, TIRUPATI",1
MOTHER TERESA INSTITUTE OF SCIENCE AND TECHNOLOGY,1
"SIDDHARTHA INSTITUTE OF ENGINEERING & TECHNOLOGY, HYDERABAD",1
SRIDEVI WOMENS ENGINEERING,1
GEETANJALI COLLEGE OF ENGINEERING,1
"GEETHANJALI COLLEGE OF ENGINEERING AND TECHNOLOGY, (GCET HYDERABAD)",1
RUTGERS UNIVERSITY NEW BRUNSWICK,1
JNTIH,1
VELLORE INSTITUTE OF TECHNOLOGY ANDHRA PRADESH,1
ANNA UNIVERSITY,1
MARIS STELLA COLLEGE,1
TEXAS A&M UNIVERSITY,1
EAST POINT COLLEGE OF ENGINEERING AND TECHNOLOGY,1
MALLAREDDY COLLEGE OF ENINGEERING AND TECHNOLOGY,1
UNIVERSITY OF DELAWARE,1
SREE CHAITANYA INSTITUTION OF TECHNOLOGICAL SCIENCES,1
C M R INSTITUTE OF TECHNOLOGY,1
GEORGIA INSTITUTE OF TECHNOLOGY,1
"JSS ACADEMY OF TECHNICAL EDUCATION,BANGALORE",1
ASCENCIA MALTA BUSINESS SCHOOL,1
TALLA PADMAVATHI ENGINEERING COLLEGE,1
"MANIPAL INSTITUTE OF TECHNOLOGY, MANIPAL",1
SAROJINI NAIDU VANITA MAHA VIDYALAYA,1
JSS COLLEGE FOR WOMEN CHAMARAJANAGAR,1
"NARAYANA ENGINEERING COLLEGE, NELLORE",1
ANNAMACHARYA INSTITUTE OF TECHNOLOGY AND SCIENCES -RAJAMPETA,1
FLORIDA INTERNATIONAL UNIVERSITY,1
GANDHI INSTITUTE OF F TECHNOLOGY AND MANAGEMENT (GITAM),1
NRIIT,1
SRI SAIRAM COLLEGE OF ENGINEERING,1
SRI SIVASUBRAMANIYA NADAR COLLEGE OF ENGINEERING,1
"INDIAN INSTITUTE OF ENGINEERING SCIENCE AND TECHNOLOGY, SHIBPUR",1
IITH,1
MAHAVEER INSTITUTE OF SCIENCE AND TECHNOLOGY (JNTUH AFFILIATED),1
RAJARAJESWARI COLLEGE OF ENGINEERING,1
"KSSEM,VTU",1
ST MARY'S GROUP OF INSTITUTIONS HYDERABAD,1
JNTU-GV,1
"NATIONAL INSTITUTE OF TECHNOLOGY WARANGAL, NITW",1
INDIANA UNIVERSITY BLOOMINGTON,1
JCT COLLEGE OF ENGINEERING AND TECHNOLOGY,1
NIT ANDHRA,1
GGC,1
INDIAN INSTITUTE OF TECHNOLOGY KHARAGPUR,1
NATIONAL INSTITUTE OF TECHNOLOGY ANDHRAPRADESH,1
NOT THERE,1
SWAMINARAYAN GURUKUL INTERNATIONAL SCHOOL,1
VASAVI COLLEGE OF ENGINEERING AFFILIATED TO OU,1
ADIKAVI NANNAYYA UNIVERSITY,1
GITAM HYDERABAD ( GANDHI INSTITUTE OF TECHNOLOGY AND MANAGEMENT),1
SNS COLLEGE OF ENGINEERING,1
"B V RAJU INSTITUTE OF TECHNOLOGY , NARSAPUR",1
LAKIREDDY BALIREDDY COLLEGE OF OF ENGINEERING,1
VEL TECH TECHNICAL UNIVERSITY,1
CHALAWADA RAMANAMMA ENGINEERING COLLEGE,1
JNTUA COLLEGE OF ENGINEERING,1
"JNTUH COLLEGE OF ENGINEERING,SULANTANPUR",1
GOKARAJU RANGARAJU INSTITUTE OF TECHNOLOGY AND ENGINEERING,1
BIZGAZE LIMITED,1
GOWRA AEROSPACE TECHNOLOGIES PRIVATE LIMITED,1
"VELLORE INSTITUTE OF TECHNOLOGY, AMARAVATI",1
NARAYANA ENGINEERING COLLEGE NELLORE,1
SOLERA INC,1
"CAPGEMINI - USED TO WORK UNTIL OCT 2024, CURRENTLY UNEMPLOYED",1
BYTE QODE DIGITALS PVT LTD,1
"B V RAJU INSTITUTE OF TECHNOLOGY,NARSAPUR",1
TECH OPTIMA PRIVATE LIMITED,1
SIDDHARTH INSTITUTE OF ENGINEERING AND TECHNOLOGY,1
MVGR COLLEGE OF ENGINEERING -VZM,1
GEETHANGALI INSTITUTE OF SCIENCE AND TECHNOLOGY NELLORE,1
ADITYA INSTITUTE OF TECHNOLOGY AND MANAGEMENT,1
DIVINCI INNOVATIVE SOLLUTIONS,1
QUIXY,1
RAJIV GANDHI UNIVERSITY OF KNOWLEDGE AND TECHNOLOGIES -NUZVID,1
IFHE HYDERABAD,1
"UNIVERSITY COLLEGE ENGINEERING,OSMANIA UNIVERSITY",1
GEETHANJALI INSTITUATIO OF SCIENCE AND TECHNOLOGY AFFLIATED WITH JNTUA,1
UNIVERSITY OF NORTH CAROLINA AT CHAPEL HILL,1
AMITY UNIVERSITY MUMBAI,1
DIRECTV,1
UCLA,1
BUCHAPALLI VENKAYAMMA SUBBAREDDY ENGINEERING COLLEGE,1
GODAVRI INSTITUDE COLLEGE,1
9553277602,1
STUDENT AT RAJIV GANDHI UNIVERSITY OF KNOWLEDGE AND TECHNOLOGIES,1
SR.ENGINEERING COLLEGE,1
RAGHU ENGINEERING COLLEGE AFFILIATED BY JNTV,1
NIT JALANDHAR,1
SIDDHARTHA INSTITUTE OF SCIENCE AND TECHNOLOGY,1
MOODLAKATTE INSTITUTE OF TECHNOLOGY KUNDAPURA,1
"JAWAHARLAL NEHRU TECHNOLOGICAL UNIVERSITY, ANANTPUR",1
BHARATIYA ENGINEERING SCIENCE AND TECHNOLOGY INNOVATION UNIVERSITY,1
BEST INNOVATION UNIVERSITY,1
A M REDDY MEMORIAL COLLEGE OF ENGINEERING &TECHNOLOGY,1
GOKARAJU LAILAVATHI WOMEN'S ENGINEERING COLLEGE,1
LOYOLA ACADEMY SECUNDRABAD,1
"VELAGAPUDI RAMAKRISHNA SIDDHARTHA ENGINEERING COLLEGE (VRSEC), VIJAYAWADA",1
NIT AP,1
ANNAMACHARYA INSTITUTE OF TECHNOLOGY AND SCIENCE RAJAMPETA,1
ASCENDION ENGINEERING VT LTD,1
JNTUA(VEMU INSTITUTE OF TECHNOLOGY),1
GAYATRI DEGREE COLLEGE,1
UNIVERSAL COLLEGE OF ENGINEERING AND TECHNOLOGY,1
"FLORIDA ATLANTIC UNIVERSITY, GURU NANAK INSTITUTIONS TECHNICAL CAMPUS",1
RGUKT RK VALLEY,1
DR PAULRAJ ENGINEERING COLLEGE,1
NORTH CAROLINA STATE UNIVERSITY,1
"KAKATIYA INSTITUTION OF TECHNOLOGY, YERRAGATTU GUTTA, HASANPARTHY, WARANGAL",1
RAJIV GANDHI UNIVERSITY OF KNOWLEDGE AND TECHNOLOGIES(BASAR),1
UNIVERSITY OF LEICESTER,1
"CHAITANYA BHARATHI INSTITUTE OF TECHNOLOGY, HYDERABAD, TELANGANA",1
GOKARAJU RANGARAJU INSTITUDE OF ENGINERING AND TECHNOLOGY,1
AURORA’S TECHNOLOGICAL & RESEARCH INSTITUTE,1
SRINIVAS UNIVERSITY COLLEGE OF ENGINEERING,1
SRM EASWARI ENGINEERING COLLEGE,1
A.S.N DEGREE COLLEGE,1
ANNAMACHARYA INSTITUTE OF SCIENCE AND TECHNOLOGY,1
DRKIST,1
VIVIDMINDS,1
SELECTSYS,1
THARKA DIGITAL PVT LTD,1
DVR & DR HS MIC COLLEGE OF TECHNOLOGY,1
"SRI VENKATESHWARA COLLEGE OF ENGINEERING, BENGALURU",1
ANDHRA UNIVERSITY COLLEGE OF ENGINEERING VISAKHAPATNAM,1
OSMANI UNIVERSITY PG COLLEGE,1
INTERNATIONAL SCHOOL OF TECHNOLOGY AND SCIENCE FOR WOMEN,1
GO IT BUILDERS,1
"RAJIV GANDHI UNIVERSITY OF KNOWLEDGE AND TECHNOLOGY,BASAR",1
GOKARAJU LAILAVATHI WOMENS ENGINEERING COLLEGE ( AFFILIATED TO OSMANIA UNIVERSITY ),1
PBR VITS,1
AMRITA SAI INSTITUTE OF TECHNOLOGY,1
ISTS WOMEN'S ENGINEERING COLLEGE,1
"VIGNAN'S FOUNDATION FOR SCIENCE, TECHNOLOGY & RESEARCH IS A DEEMED UNIVERSITY IN THE GUNTUR DISTRICT IN ANDHRA PRADESH, INDIA.",1
"GITAM INSTITUTE OF TECHNOLOGY, BENGALURU",1
"SRI VENKATESHWARA UNIVERSITY COLLEGE OF ENGINEERING, TIRUPATI",1
SRI CHAITANYA,1
"VAAGDEVI ENGINEERING COLLEGE ,JNTUH",1
R.V.R &JC COLLEGE OF ENGINEERING,1
JAWAHARLAL NEHRU TECHNOLOGICAL UNIVERSITY - VIZIANAGARAM (JNTU-V),1
RGUKT,1
JNTUH(MALLAREDDY COLLEGE OF ENGINEERING FOR WOMEN),1
INDIAN INSTITUTE OF INFORMATION TECHNOLOGY NAGPUR,1
ST ANNS COLLEGE OF ENGINEERING AND TECHMOLOGY,1
MALLAREDDY COLLEGE OF ENGINERING AND TECHNOLOGY,1
CAMBRIDGE INSTITUTE OF TECHNOLOGY,1
NIMMA SECURITY PRIVATE LIMITED,1
EASWARI ENGINEERING COLLEGE,1
SAVEETHA UNIVERSITY,1
INDIAN INSTITUTE OF INFORMATION TECHNOLOGY ALLAHABAD,1
B V RAJU COLLEGE,1
JNTU SULTHANPUR,1
JSSATE BANGLORE,1
KESHAV MEMORIAL COLLEGE OF ENGINEERING KMCE,1
UNIVERSITY OF MICHIGAN-DEARBORN,1
CARGILL BUSINESS SERVICES,1
GOKARAJU RANGARAJU INSTITUTE ENGENEERING AND TECHNOLOGY,1
SREE DATTHA INSTITUTE OF ENGINEERING AND SCIENCES,1
TEKEDGE SOLUTIONS,1
SRI DURGA MALLESWARA SIDDHARTHA MAHILA KALASALA,1
P.E.S COLLEGE OF ENGINEERING,1
DMSSVH ENGINEERING COLLEGE,1
GVR & S COLLEGE OF ENGINEERING AND TECHNOLOGY (AFF. JNTUK),1
VIRGINIA COMMONWEALTH UNIVERSITY,1
RAJIV GANDHI UNIVERSITY OF KNOWLEDGE AND TECHNOLOGIES RK VALLEY IIIT IDUPULAPAYA KADAPA,1
SATYA DEGREE & PG COLLEGE,1
"KL UNIVERSITY,VIJAYAWADA",1
HCL TECH,1
VIGNAN LARA INSTITUTE OF TECHNOLOGY AND SCIENCE,1
BVCITS,1
NXT WAVE,1
SPOORTHY ENGINEERING COLLEGE,1
SANDIP UNIVERSITY NASHIK,1
POTTI SRI RAMULU CHALAVADI MALLIKARJUNA RAO COLLEGE OF ENGINEERING AND TECHNOLOGY,1
INTELLIOZ,1
WICHITA STATE UNIVERSITY,1
CHAITANYA BHARATHI INSTITUTE OF TECHNOLOGY HNOLOGY,1
NEW JERSEY INSTITUTE OF TECHNOLOGY,1
WIPRO PRIVATE LIMITED,1
"GOVERNMENT POLYTECHNIC COLLEGE,PILLARIPATTU",1
AKASH TECH,1
IIT TIRUPATI,1
UNIVERSITY OF GENEVA,1
MVRS ENGINEERING COLLEGE OF SCIENCE AND TECHNOLOGY,1
UNC CHARLOTTE,1
POWERTEL SOLUTIONS,1
VALLURIPALLI NAGESHWARRAO VIGNANA JYOTHI INSTITUTE OF ENGINEERING & TECHNOLOGY,1
"SVU, TIRUPATI",1
SAI SPURTHI INSTITUTE OF TECHNOLOGY,1
GPREC COLLEGE,1
"RAJIV GANDHI UNIVERSITY OF KNOWLEDGE TECHNOLOGIES,SRIKAKULAM",1
VIGNESH INSTITUTE OF INFORMATION TECHNOLOGY,1
JNTUGV COLLEGE OF ENGINEERING VIZIANAGARAM,1
MAHATMA GANDHI INSTITUTE OF TECHNOLOGY (COLLEGE),1
VELAGAPUDI RAMAKRISHNA SIDDARTHA ENGINEERING COLLEGE,1
VAGDEVI DEGREE COLLEGE,1
AURORA DEEMED TO BE UNVERSTY,1
JAIN (DEEMED-TO-BE UNIVERSITY),1
RAMAIAH INSTITUTE OF TECHNOLOGY,1
"3YEAR B.TECH IN AIML AT CHRIST UNIVERSITY,BANGALORE",1
SCALER,1
VELAGAPUDI RAMAKRISHNA SIDDHARTH ENGINEERING COLLEGE,1
RAGHAVENDRA INSTITUTE OF PHARMACEUTICAL EDUCATION AND RESEARCH,1
CJITS,1
DVR & DR.HS MIC COLLEGE OF TECHNOLOGY,1
STUDY WORLD COLLEGE OF ENGINEERING,1
"GURU NANAK INSTITUTIONS , TECHNICAL CAMPUS",1
R.M.D. ENGINEERING COLLEGE,1
COGNIZANT TECHNOLOGY SOLUTIONS,1
SREE CHAITANYA INSTITUTE OF TECHNOLOGICAL SCIENCES KARIMNAGAR,1
SIR MVIT INSTITUTE OF TECHNOLOGY,1
VIT BHOPAL UNIVERSITY,1
ST MARTIN'S COLLEAGE OF ENGINEERING,1
MVJ COLLEGE OF ENGINEERING,1
NIMS UNIVERSITY,1
FREELANCE CONTENT WRITER,1
OSOS PVT LTD,1
ADHI COLLEGE OF ENGINEERING AND TECHNOLOGY,1
"SIDDHARTH INSTITUTE OF ENGINEERING AND TECHNOLOGY,PUTTUR",1
MMR INSTITUTE OF TECHNOLOGY,1
"INDIAN INSTITUTE OF TECHNOLOGY (BHU), VARANASI",1
MLR INSTITUTE OF TECHNOLOGY(JNTU),1
MLR INSTITUE OF TECHNOLOGY (JNTU),1
SHIV NADAR INSTITUTE OF EMINENCE,1
MLID,1
"MLR INSTITUTION OF TECHNOLOGY ,JNTU AFFILIATED",1
MLR INSTITUTE OF TECHNOLOGY (MLRIT),1
CHADALAWADA RAMANAMMA ENGINEERING COLLEGE TIRUPATI,1
"MALLA REDDY ENGINEERING COLLEGE(MREC),HYDERABAD",1
R. V. R & J. C COLLEGE OF ENGINEERING,1
ANANTHA LAKSHMI INSTITUTE OF TECHNOLOGY AND SCIENCES,1
TKR COLLEGE OF ENGINEERING TECHNOLOGY,1
IGNOU,1
"KESHAV MEMORIAL INSTITUTE OF TECHNOLOGY, NARAYANAGUDA, HYDERABAD",1
"GODAVARI INSTITUTE OF ENGINEERING AND TECHNOLOGY, RAJAHMUNDRY.",1
SIDDARTHA INSTITUTE OF TECHNOLOGY AND SCIENCE,1
SVR ENGENEERING COLLEGE,1
UNIVERSITY OF FLORIDA,1
CHRIST UNIVERSITY (KENGERI CAMPUS),1
RAVI KISHORE VUJJENI,1
BIRLASOFT,1
VISVODAYA ENGINEERING COLLEGE,1
KONERU LAKSHMAIAH UNIVERSITY HYDERABAD,1
IIIT RGUKT RKV,1
SVR COLLEGE OF MANAGEMENT STUDIES,1
IIITDM KURNOOL,1
TECHNO MAIN SALTLAKE,1
JAWAHARLAL NEHRU TECHNOLOGICAL UNIVERSITY HYDERABAD.,1
T-MOBILE,1
ASSAM KAZIRANGA UNIVERSITY,1
BALAJI INSTITUTE OF TECHNOLOGY SCIENCE,1
BML MUNJAL UNIVERSITY,1
N.K ORCHID COLLEGE OF ENGINEERING AND TECHNOLOGY SOLAPUR,1
EFICENS SYSTEMS,1
"VEL TECH UNIVERSITY, CHENNAI",1
VITAP,1
AMITY UNIVERSITY KOLKATA,1
PSCMR COLLEGE OF ENGINEERING,1
SIMPLIFORGE CREATIONS,1
VMTW,1
"SRI VENKATESHWARA COLLEGE,BENGALORE",1
SAVEETHA ENGINEERING COLLEGE,1
SRMIST RMP,1
UNIVERSITY OF HOUSTON,1
SSR DEGREE COLLEGE,1
KRISTU JAYANTI COLLEGE,1
COMPUTER SCIENCE & ENGINEERING,1
SR COLLAGE,1
CHENNAI INSTITUTE OF TECHNOLOGY,1
VITS KARIMNAGAR,1
KONERU LAKSHMAIAH DEEMED TO BE UNIVERSITY,1
JAWAHARLAL NEHRU TECHNOLOGY UNIVERSITY KAKINADA,1
SREE VENKATESHWARA ENGINEERING COLLEGE,1
SRI SAIRAM INSTITUTE OF TECHNOLOGY,1
SIR.C.R.REDDY COLLEGE OF ENGINEERING,1
KIET,1
JOHANNES KEPLER UNIVERSITY,1
FISERV,1
KRUSHNA UNIVERSITY,1
OZONETEL COMMUNICATION PVT. LTD.,1
"PRASAD V.POTLURI SIDDHARTHA INSTITUTE OF TECHNOLOGY, VIJAYAWADA",1
DB4CLOUD TECHNOLOGY PVT LTD,1
GRAPHIC ERA HILL UNIVERSITY,1
IIITH,1
KKR & KSR INSTITUTE OF TECHNOLOGY & SCIENCES,1
BALAJI INSISTUTE OF TECHNOLOGY AND SCIENCE,1
BALAJI INSTITUTE OF TECHNOLOGY AND SCIENCE AFFILIATE WITH JHNTU,1
TERI SCHOOL OF ADVANCED STUDIES,1
MALLA REDDY ENGINEERING COLLEGE MANAGEMENT AND SCIENCES,1
GEETANJALI COLLEGE INSTITUTE OF ENGINEERING AND TECHNOLOGY,1
INTERNATIONAL SCHOOL OF TECHNOLOGY AND SCIENCE,1
SIR CR REDDY COLLEGE OF ENGINNERING,1
GITAM UNIVERSITY BENGALURU CAMPUS,1
DADITHOTA BHARGAVI,1
BHARGAVI DADITHOTHA,1
MALLA REDDY ENGINEERING COLLEGE FOR WOMEN AUTONOMOUS,1
TARA GOVERNMENT DEGREE COLLEGE,1
"SRM INSTITUTE OF SCIENCE AND TECHNOLOGY, CHENNAI",1
JNTU ANANTAPUR,1
"VARDHAMAN COLLEGE OF ENGINEERING, SHAMSHABAD MANDAL",1
VARDHAMA COLLEGE OF ENGINEERING,1
RGM COLLEGE OF ENGINEERING AND Y,1
JNTU ANANTHAPUR,1
RAJEEV GANDHI MEMORIAL COLLEGE OF ENGINEERING AND TECHNOLOGY AUTONOMOUS,1
JNTUH UNIVERSITY,1
MLR INSTITUTE OF TECHNOLOGY AND ENGINEERING,1
VARDHAMAM COLLEGE OF ENGINEERING,1
JNTUH CEH,1
JNTUH COLLEGE OF ENGINEERING JAGITIAL,1
JNTUHCER RAJANNASIRCILLA,1
VNR VIGNANA JYOTHI INSTITUTE OF TECHNOLOGY AND ENGINEERING,1
RGM COLLEGE,1
RGM COLLAGE OF ENGINEERING AND TECHNOLOGY,1
JAWAHARLAL NEHRU TECHNOLOGICAL UNIVERSITY COLLEGE OF ENGINEERING JAGTIAL,1
JNTUH UNIVERSITY COLLEGE OF ENGINEERING,1
VASAVI COLLEGE OF ENGINEERING IBRAHIMBAGH,1
VARDHAMAN COLLEGE OF ENGINEERING SHAMSHABAD,1
JNTUH (RAJANNA SIRICILLA),1
JNTUH COLLEGE OF ENGINEERING HYDERABAD KUKATPALLY,1
"JNTU COLLEGE OF ENGINEERING , JAGTIAL",1
KAKATIYA INSTITUTE OF KNOWLEDGE AND TECHNOLOGY,1
CMR COLLEGE OR ENGINEERING AND TECHNOLOGY,1
CMR COLLEGE OF ENGINEERING AND TECHNOLOGY(CMRCET),1
JAWAHARLAL NEHRU TECHNOLOGY UNIVERSITY,1
CMR COLLEGE OF ENGINEERING QND TECHNOLOGY,1
PALLAVIENGINEERINGC,1
CMR COLLEGE OF ENGINEERING & TECHONOLOGY,1
"CHAITANYA BHARATI INSTITUTE OF TECHNOLOGY, GANDIPET",1
JNTUH(PEC(,1
JNTUH COLLEGE OF RAJANNA SIRCILLA,1
CMR COLLEGE OF ENGINEERING,1
"JNTU,VARDHAMAN COLLEGE OF ENGINEERING",1
PALLAVI ENGERINNG COLLEGE,1
JNTUH-CEH,1
VNR VIGNANA JYOTHI INSTITUTE OF SCIENCE AND TECHNOLOGY,1
JAWAHARLAL NEHRU TECHNOLOGICAL UNIVERSITY ANANTHAPUR,1
"G PULLA REDDY ENGINEERING COLLEGE, KURNOOL",1
VAAGDEVI ENGINEERING COLLEGE WARANGAL,1
VNR VJIET HYD,1
PALLAVI ENGINEERING COLLEGE (JNTUH),1
G PULLA REDDY ENGINEERING COLLEGE KURNOOL,1
MLR INSTITUTE IF TECHNOLOGY,1
COLLDGE,1
SRI INDU INSTITUTE OF TECHNOLOGY AND ENGINEERING,1
MLR INSTITUTE OF TECNOLOGY,1
"VAAGDEVI ENGINEERING COLLEGE, WARANGAL",1
SRINIVASA CHEYYRU,1
CMR COLLEGE OF ENGINEERING AND TECHNOLOG,1
MATURI VENKATA SUBHA RAO COLLEGE OF ENGINEERING,1
CMR COLLEGE OF TECHNOLOGY ENGINEERING COLLEGE,1
MVSR ENGINEERING COLLEGE/OSMANIA UNIVERSITY,1
USMANIA UNIVERSITY,1
SRINIVASA INSTITUTE ENGINEERING AND TECHNOLOGY,1
CMR COLLEGE OF ENGINEERING & TECHNELOGY,1
MAYURI VENKATA SUBBA RAO,1
MVSR ENGINEERING COLLEGE (AFFILIATED OSMANIA UNIVERSITY),1
MVSR ENGINEERING COLLEGE AFFILIATED TO OU,1
KLU,1
MAHATHMA GANDHI INSTITUTE OF TECHNOLOGY,1
REKHA SAKIPALLI,1
VNR VIGNANAJYOTHI INSTITUTE OF ENGINEERING AND TECHNOLOGY,1
MATURI VENKATA SUBBA RAO AFFILIATED TO OSMANIA UNIVERSITY,1
VNRVJIET (COLLEGE),1
MATURI VENTAKA SUBBA RAO ENGINEERING COLLEGE,1
MAHATMA GANDHI INSTITUTE OF TECHNOLOGY (AFFILIATED BY JNTUH),1
INSTITUTE OF AERONAUTICAL ENGINEERING AND TECHNOLOGY,1
MATURI VENKATA SUBA RAO ENGINEERING COLLEGE,1
KAKATIYA INSTITUTE OF TECHNOLOGY AND SCIENCES WARANGAL,1
VARDHAMAN COLLEGE OF ENGINEERING(JNTUH),1
RGM COLLAGE OF ENGINEERING,1
"INSTITUTE OF AERONAUTICAL ENGINEERING,DUNDIGAL",1
MAHATMA GANDHI INSTITUTE OF TECHNOLOGY IS AFFILIATED WITH JNTUH,1
VALLURUPALLI NAGESHWAR RAO VIGNANA JYOTI INSTITUTE OF ENGINEERING AND TECHNOLOGY,1
MATRUSRI ENGINERRING COLLEGE,1
CMR COLLEGE OF ENGINEER AND TECHNOLOGY,1
LVAAGDEVI ENGINEERING COLLEGE,1
MATURI VENKATA SUBBA ROA COLLEGE,1
JNTUHUCER RAJANNASIRCILLA,1
CMR ENGINEERING TECHNOLOGY COLLAGE,1
VNR VIGNAN JYOTHI,1
JNTUH UNIVERSITY COLLEGE OF ENGINEERING RAJANNA,1
"JNTUH COLLEGE OF ENGINEERING,RAJANNA SIRCILLA",1
MATURI VENKATA SUBBA RAO ENGENEERING COLLEGE,1
JNTU RAJANA SIRICILLA,1
JAWAHARLAL NEHRU TECHNOLOGICAL UNIVERSITY COLLEGE OF ENGINEERING RAJANNA SIRCILLA,1
SRINIVASA ENGINEERING AND TECHNOLOGY,1
GOKARAJU RANGARAJU INSTITUTE OF ENGENEERING AND TECHNOLOGY,1
VIGANAN BHARATHI INSTITUTE OF TECHNOLOGY,1
"VIGNANA BHARATHI INSTITUTE OF TECHNOLOGY, AUSHAPUR",1
MATURI VENAKATA SUBBA RAO,1
JAWAHARLAL NEHRU TECHNOLOGICAL UNIVERSITY HYDERABAD COLLEGE OF ENGINEERING RAJANNA SIRCILLA,1
VARDHAMAN COLLEGE OF. ENGINEERING,1
GD GOENKA UNIVERSITY HARYANA SHONA,1
G D GOENKA,1
CMR COLLEGE OF ENGINERING AND TECHNOLOGY,1
VNR VIGNANA JYOTHI INSTITUE OF ENGINEERING AND TECHNOLOGY,1
CMR COLLEGE OF ENGINEERING & TECHNOLOGY HYDERABAD,1
JAWAHARLAL NEHRU TECHNOLOGICAL UNIVERSITY OF HYDERABAD RAJANNA SIRICILLA,1
MATRUSREE ENGINEERING COLLEGE,1
MATRUSRI ENGNNERING COLLEGE,1
JNTUHUCERS,1
BVRIT HYDERABAD A COLLEGE OF ENGINEERING FOR WOMEN,1
"JNTUH COLLEGE OF ENGINEERING,JAGITYAL",1
VAAGDEVI ENGINEERING COLLEGE OF AUTONOMOUS,1
MATURI VENKATA SUBHA RAO,1
AURORA TECHNOLOGICAL AND RESEARCH INSTITUTE,1
MRCET-MALLA REDDY,1
JNTUHUCER-RAJANNA SIRCILLA,1
BVRIT COLLEGE OF ENGINEERING,1
"SRIDEVI WOMENS ENGINEERING COLLEGE AFFILIATED TO JNTU, HYDERABAD",1
NEAR POLMON COMPANY,1
SRIDEVI WONENS ENGINEERING COLLEGE,1
"G PULLA REDDY ENGINEERING COLLEGE (AUTONOMOUS), KURNOOL",1
GAYATRI VIDYA PARISHAD COLLAGE OF ENGINEERING FOR WOMEN,1
BVRITH WOMEN'S COLLEGE FOR ENGINEERING,1
VARDHMAAN COLLEGE OF ENGINEERING,1
JNTUH UNIVERSITY COLLEGE OF ENGINEERING RAJANNA SIRICILLA,1
JNTUHCEH COLLEGE OF ENGINEERING,1
ANURAGENGINEERINGCOLLEGE,1
MOTIONCUT,1
JNTUHUCER RANJANNA SIRISILLA,1
OU AFFILIATED (STANLEY COLLEGE OF ENGINEERING AND TECHNOLOGY FOR WOMENS),1
MVSR ENGG CLG(AUTONOMOUS) AND AFFILIATION TO OSMANIA,1
VIT BHOPAL,1
VNR VIJNANA JYOTHI INSTITUTION OF ENGINEERING AND TECHNOLOGY,1
BVRIT HYDERABABD COLLEGE OF ENGINEERING FOR WOMEN,1
RGM COLLEGE OF ENGINEERING,1
VIDYA JYOTI INSTITUTE OF TECHNOLOGY (VJIT),1
VALLURUPALLI NAGESWARA RAO VIGNANA JYOTHI INSTITUTE OF ENGINEERING &TECHNOLOGY(VNR VJIET),1
CMR COLLEGE OF ENGINEERING AND TECHNOLOGY CHNOLOGY,1
MALLA REDDY ENGINEERING COLLEGE FOR WOMENS,1
NSAKCET,1
VALLURUPALLI NAGESHWARA RAO VIGNANA JYOTHI INSTITUTE OF ENGINEERING AND TECHNOLOGY,1
BVRAJU INSTITUTE OF TECHNOLOGY,1
VNR VIGANNA JYOTHI INSTITUTE OF ENGINEERING AND TECHNOLOGY,1
ANURAG UNIVERSITU,1
CMRCET HYD,1
AAR MA HAVE ER ENGINEERING COLLEGE,1
JNTUH AAR MAHAVEER ENGINEERING COLLEGE,1
ICFAI COLLAGE HYDERABAD,1
ICFAI FOUNDATION OF HIGHER EDUCATION,1
ICFAI IFHE,1
THE ICFAI FOUNDATION FOR HIGHER EDUCATION,1
JAWAHARLAL NEHRU TECHNOLOGICAL UNIVERSITY OF HYDERABAD UNIVERSITY COLLEGE OF ENGINEERING RAJANNA SIRCILLA,1
ICFAI TECH FOR HIGHER EDUCATION (IFHE),1
MATURI VENKATA SUBBA RAO ENGINEERING COLLEGE AFFILIATED WITH AICTE,1
"UNIVERSITY COLLEGE OF MANAGEMENT HYDERABAD, JNTUH",1
ICFAI TECH UNIVERSITY HYDERABAD,1
CVR COLLEGE,1
SREENIDHI INSTITUTION OF TECHNOLOGY,1
ICFAI UNIVERSITY SHANKARPALLI,1
GOVERNMENT JUNIOR COLLEGE,1
"ICFAI FOUNDATION FOR HIGHER EDUCATION, IFHE , HYDERABAD, (UGC - DEEMED TO BE UNIVERSITY)",1
JNTUH-UCER,1
ICFAITECH HYDERABAD,1
GOKARAJU RANGARAJU INSTITUTE OF ENGINEERING & TECHNOLOGY COLLEGE,1
JAWAHARLAL NEHRU TECHNOLOGY UNIVERSITY OF RAJANNA SIRICILLA,1
KMIT,1
NAWAB SHAH ALAM COLLEGE,1
SRINIVASA INSTITUTE OF ENGENEERING AND TECHNOLOGY,1
ICFAITECH SCHOOL(IBS),1
VIGANA BHARTI INSTITUTE OF TECHNOLOGY,1
"ANURAG GROUP OF INSTITUTIONS (AGI), HYDERABAD",1
BADDAM BALREDDY BUSINESS SCHOOL,1
BHAVANS VIVEKANANDA COLLEGE,1
"PRIYADARSHINI INSTITUTE OF SCIENCE AND TECHNOLOGY FOR WOMEN, KHAMMAM",1
VALLURUPALLI NAGESWARA RAO VIGANANA JYOTHI INSTITUTE OF ENGINEERING AND TECHNOLOGY,1
COLLEGE BTECH 2ND YEAR,1
VIDYA JYOTHI INSTITUTE OF TECHOLOGY,1
VARDHAMAN COLLEGE OF ENGINEERING HYDERABAD,1
ICFAI UNIVERSITY HYD,1
STIDEVI WOMEN’S ENGINEERING COLLEGE,1
NAWAB SHAH ALAM KHAN COLLEGE OF ENGINEERING AND TECHNOLOGY.,1
GOKARAJU RANGARAJU INSTITUTION OF EDUCATION AND TECHNOLOGY,1
SIIET,1
VNR VIGNANA INSTITUTE OF ENGINEERING AND TECHNOLOGY,1
SREENIDHI INSTITUTE OF SCIENCE AD TECHNOLOGY,1
"JNTUH UNIVERSITY COLLEGE OF ENGINEERING,SCIENCE AND TECHNOLOGY HYDERABAD",1
ST MARYS ENGINEERING COLLAGE DESMUKI,1
GOKARAJU RANJARAJU INSTITUTE OF ENGINEERING AND TECHNOLOGY,1
"JAWAHARLAL NEHRU TECHNOLOGICAL UNIVERSITY HYDERABAD, UNIVERSITY COLLEGE OF ENGINEERING RAJANNA SIRCILLA",1
ICFAI UNIVERSITY FOR HIGHER EDUCATION,1
ST .MARY'S ENGINNERING COLLEGE,1
"GD GOENKA UNIVERSITY,SOHNA",1
VNR VIGNANA JYOTHI INSTITUTE OF ENGINEEERING AND TECHNOLOGY,1
CMR COLLEGES,1
JNTUHCERS,1
JNTUH COLLEGE OF ENGINEERING RAJANNA SRICILLA,1
ST.MARY'S ENGEENERING COLLEGE,1
SREENIDHI COLLEGE,1
"ANURAG ENGINEERING COLLEGE, KODAD",1
TALLA TADMAVATHI COLLEGE OF ENGINEERING,1
VNR VJIET EIE,1
NALLA NARSIMHA REDDY GROUP OF INSTITUTES,1
VNR VJIET (VALLURUPALLI NAGESWARA RAO VIGNANA JYOTHI INSTITUTE OF ENGINEERING &TECHNOLOGY),1
G. NARAYANAMMA INSTITUTE OF TECHNOLOGY AND SCIENCE.,1
SREENIDHI INSTITUTE OF SCIENCE OF TECHNOLOGY,1
"GITAM UNIVERSITY, HYDERABAD .",1
ST. MARY'S GROUP OF INSTITUTION HYDERABAD,1
ST MARYS ENGINEERING COLLEGE,1
"ICFAI FOUNDATION FOR HIGHER EDUCATION, HYDERABAD",1
MALLA REDDY ENGINEER COLLEGE,1
ST.MARRYS ENGINEERING COLLEGE,1
MATURI VENKATA SUBBA RAO ENGINEERING COLLEGE COLLEGE IN TELANGANA,1
"MATRUSRI ENGINEERING COLLEGE, HYDERABAD",1
NALLA NARSHIMHA REDDY GROUP OF ENGINEERING,1
G NARAYANAMMA INSTITUTION OF TECHNOLOGY AND SCIENCE FOR WOMEN,1
GITAM -HYDERABAD,1
STANLEY COLLAGE OF ENGINEERING AND TECHNOLOGY,1
ICFAI TECH SCHOOL HYDERABAD,1
GITAM-HYD,1
GEETANJALI INSTITUTE OF SCIENCE AND TECHNOLOGY,1
VAAGDEVIENGEERINGCOLLEGE,1
MALLA REDDY ENGINEERING COLLEGE FOR WOMEN (JNTUH),1
GEETHANJALI COLLEGE OF ENGINEERING & TECHNOLOGY,1
"CHHATRAPATI SHAHU JI MAHARAJ UNIVERSITY, KANPUR",1
STANLEY COLLEGE OF ENGINEERING AND TECHNOLOGY FOR WOMEN.,1
"MALLA REDDY ENGINEERING COLLEGE FOR WOMEN, SECUNDERABAD, TELANGANA",1
INDUS UNIVERSITY,1
MATRUSRI ENGINEERING COLLEGE (OSMANIA UNIVERSITY),1
F. C. RODRIGUES INSTITUTE OF TECHNOLOGY,1
SUMATHI REDDY INSTUTITE OF TECHNOLOGY FOR WOMEN,1
NAWAB SHA ALAM KHAN COLLEGE OF ENGINEERING AND TECHNOLOGY,1
G NARYANAMMA INSTITUTE OF TECHNOLOGY AND SCIENCE,1
ST MARY’S ENGINEERING COLLAGE,1
MAYURI VENKATA SUBBARAO ENGINEERING COLLEGE,1
CHAITANYA BARATHI INSTITUTE OF TECHNOLOGY,1
BV RAJU INSTITUTE OF TECHNOLOGY FOR WOMEN HYDERABAD,1
"JAWAHARLAL NEHRU TECHNOLOGICAL UNIVERSITY,HYDERABAD",1
NALLA NARASIMHA REDDY COLLEGE,1
VAAGDEVI ENGINEERING COLLEGE(JNTUH AFFILIATION),1
ITM SLS BARODA UNIVERSITY,1
M.V.S.R,1
"RAJIV GANDHI UNIVERSITY OF KNOWLEDGE TECHNOLOGIES , BASAR",1
NALLA NARASHIMHA REDDY COLLEGE,1
CBIT(GANDIPET),1
MEGHA INSTITUTION OF ENGINEERING AND TECHNOLOGY FOR WOMEN R,1
ICFAI FOR HIGHER EDUCATION,1
JNTUH SIRCILLA,1
BVRIT HYDERABAD COLLEGE FOR WOMENS,1
NALLA NARASIMHA REDDY EDUCATIONAL SOCIETY GROUP OF INSTITUTIONS,1
ACE ENGINEERING T,1
OSMANIA UNIVERSITY(COLLEGE),1
OU UNIVERSITY,1
MATURI VENKATA SUBBARAO COLLEGE,1
K.S.RIET,1
"GANDHI INSTITUTE OF TECHNOLOGY AND MANAGEMENT, HYDERABAD",1
GURU TEGH BAHADUR 4TH CENTENARY ENGINEERING COLLEGE,1
INDIAN INSTITUTE OF TECHNOLOGY (INDIAN SCHOOL OF MINES )DHANBAD,1
ACE ENGINEERING CLG,1
NALLA NARASIMHA REDDY GROUP OF INSTITUTION,1
MATURI VENKATA SUBBARAO ENGGNEERING COLLEGE,1
K S R COLLEGE OF ENGINEERING AND TECHNOLOGY,1
NALLA NARSIMHA ENGINEERING COLLEGE,1
KL UNIVERSITY AZIZNAGAR HYDERABAD,1
"KAKATIYA INSTITUTE OF TECHNOLOGY AND SCIENCE , WARANGAL",1
VARDHAMAN COLLEGE OF ENGINEERING/CSE,1
ICFAI FOUNDATION FOR HIGHER EDUCATION (IFHE),1
VIDYA JYOTHI INSTITUTE IF TECHNOLOGY,1
NALLA REDDY ENGINEERING COLLEGE,1
"VARDHAMAN COLLEGE OF ENGINEERING,HYDERABAD",1
VIGNANA BARATHI INSTITUTE OF TECHNOLOGY,1
CMR COLLEGE OF EGINEERING AND TECHNOLOGY,1
VARDHAMANCOLLEGEOFENGINEERING,1
STANLEY COLLEGE OF ENGINEERING AND TECHNOLOGY FOR WOMEN'S AUTONOMOUS,1
VIGANA BHARATHI INSTITUTION OF TECHNOLOGY,1
"MALLAREDDY ENGINEERING COLLEGE FOR WOMEN, AUTONOMOUS",1
IFHE UNIVERSITY (ICFAI TECH),1
AL AMEEN ENGINEERING COLLEGE,1
VALLURUPALLI NAGESWARA RAO VIGNANA JYOTHI INSTITUTE OF ENGINEERING &TECHNOLOGY (VNR VJIET),1
"MATURI VENKATA SUBBA RAO ENGINEERING COLLEGE, OSMANIA UNIVERSITY",1
NAWAB SHAH ALAM KHAN COLLEGE OF ENGINEERING AND TECHNOLOGY/,1
TRINITY COLLEGE OF ENGINEERING AND TECHNOLOGY (AFFILIATED TO JNTUH),1
NAWAB SHAH ALAM KHAN COLLEGE OF ENGINEERING TECHNOLOGY,1
BVRIT HYDERABAD COLLEGE OF ENGINEERING FOR WOMEN'S,1
"CHAITANYA BHARATHI INSTITUTE OF TECHNOLOGY, HYDERABAD",1
AAR MAHAVEER COLLEGE,1
NALLA NARASIMHA REDDY GROUP OF EDUCATIONAL SOCIETY,1
BHARAT INSTITUTE OF ENGINEERING AND TECHNOLOGY -JNTUH,1
VASAVI,1
MATRUSRI ENGINEERING COLLEGE OSMANIA UNIVERSITY,1
ICFAI TECH UNIVERSITY OF HYDERABAD,1
IIIT KOTTAYAM,1
"ICFAI FOUNDATION FOR HIGHER EDUCATION,HYDERABAD",1
ST MARY'S COLLEGE,1
B V RAJU INSTITUTE OF TECHNOLOGY NARSAPUR,1
BVRITH AFFILIATED TO JNTUH,1
SRIDEVI WOMEN ENGINEERING COLLEGE,1
JNTU SIRCILLA,1
VIDYA JYOTHI INSTITUTE OF TECHNOLOGY AFFILIATED TO JNTUH,1
"MATURI VENKATA SUBBA RAO ENGINEERING COLLEGE,HYDERABAD",1
MAHATAMA GANDHI INSTITUTE OF TECHNOLOGY,1
STANLEY WOMEN'S COLLEGE OF ENGINEERING TECHNOLOGY FOR WOMEN,1
GITAM UNIVERSITY HYDERABAD CAMPUS,1
VALLURUPALLI NAGESWARA RAO VIGNANA JYOTHI INSTITUTE OF TECHNOLOGY,1
VJIY,1
LITTLE FLOWER DEGREE COLLEGE,1
VNR VIJET,1
KAKATIYA INSTITUTE OF TECHNOLOGY AND SCIENCE FOR WOMEN,1
GEETHANJALI COLLAGE OF ENGINEERING AND TECHNOLOGY,1
JSJSJE,1
NALLA NARASIMHA REDDY EDUCATIONAL INSTITUTION,1
GEETHANJALI INSTITUTE OF ENGINEERING AND TECHNOLOGY,1
VIDHYA JYOTHI INSTITUTE OF TECHNOLOGY (COLLEGE),1
K S R COLLEGE FOR ENGINEERING AND TECHNOLOGY,1
"ICFAI UNIVERSITY, DONTANPALLY",1
NALLA NARSIMHA REDDY EDUCATIONAL SOCIETY'S GROUP OF INSTITUTES,1
ACE ENGINEERING 5,1
VNRVJIET HYDERABAD,1
SRINIVASA INSTITUTE OF ENGINEERING & TECHNOLO,1
"ICFAI UNIVERSITY ,DONTHANPALLE",1
VIDYA JYOTHI INSTITUTE OF TECHNOLOGY [VJIT],1
VNR VIGNANA JYOTHI INSTITUTE OF ENGINEERING AND TECHNOLOGY NEERING,1
MALLA REDDY COLLEGE OF ENGINEERING TECHNOLOGY,1
G.PULLA REDDY ENGINEERING COLLEGE.,1
GOLLA SAI KUMAR,1
MALLA REDDY ENGINEERING AND TECHNOLOGY,1
MALLA REDDY COLLEGE OF ENGINEERIG AND TECHNOLOGY,1
GOKARAJU RANAGARAJU INSTITUTE OF ENGINEERING AND TECHNOLOGY,1
SREENIDHII INSTITUTE OF SCIENCE AND TECHNOLOGY,1
VBIT GHTAKESAR,1
MALLA REDDY COLLEGE OF ENGINEERING AND TECHNOLOGY (MRCER),1
MALLA REDDY COLLEGE AND ENGINEERING,1
G NARYANAMMA INSTITUTE OF TECHNOLOGY AND SCIENCES,1
SREENIDHI INSTITUTE OF TECHNOLOGY AND SCIENCES,1
VNR VIGNANA JYOTHI INSTITUTION OF ENGINEERING,1
MALLA REDDY OF ENGINEERING & TECHNOLOGY,1
"B V RAJU INSTITUTE OF TECHNOLOGY, NARSAPUR",1
CMR COLLEGE OF ENGINEERING&TECHNOLOGY,1
CMR COLLEGE OF ENGNEERING AND TECHNOLOGY,1
GOKARAJU RANGARAJU INSTITUTE OF ENGINEERING COLLEGE,1
"VJIT, JTUH AFFILIATED",1
CMR COLLEGE OF ENGINEERING AND,1
VIDHYA JYOTI INSTITUTE OF TECHNOLOGY,1
MICROSOFT,1
VIDYA JYOYHI INSTITUTE OF TECHNOLOGY HYDERABAD,1
VIDYA JYOTHI INSTITUTE OF TECHNOLOGY HYDERABAD,1
JNTU H HYDERABAD,1
GOKARAJ RANGA RAJU INSTITUTE OF ENGINEERING AND TECHNOLOGY,1
GOKRAJU RANGARAJU INSTITUTE OF ENGINEERING AND T,1
VARDHAMAN COLLEGE OF ENGEENERING,1
VNR VJIET COLLEGE OF ENGINEERING AND TECHNOLOGY,1
BVRIT-HYDERABAD COLLEGE OF ENGINEERING FOR WOMEN,1
JOGINPALLY B.R. ENGINEERING COLLEGR,1
VALLURUPALLI NAGESWARA RAO VIGNANAJYOTHI INSTITUTE OF ENGINEERING AND TECHNOLOGY,1
BVRIT HYDERABAD COLLEGE OF ENGINEERING FOR WOMEN. AFFILIATED TO JNTU,1
ST.ANN'S COLEGE OF ENGG AND TECH,1
GEETHANJLAI COLLEGE OF ENGINEERING AND TECHNOLOGY,1
"JNTU AFFILATED ,VNR VJIET",1
GIOE,1
"SRI VENKATESWARA COLLEGE OF ENGINEERING,KADAPA",1
TKRES,1
ADDANKI VAISHNAVI,1
JNTUH UNIVERSITY COLLEGE OF ENGINEERING RANJANNA SIRICILLA,1
JNTUH UNIVERSITY COLLEGE OF ENGINEERING RAJANNA SIRCILLA ( JNTUH),1
SREE NIDHI INSTITUTE AND SCIENCE AND TECHNOLOGY,1
NALLA NARSIMHA REDDY EDUCATION SOCIETY GROUP OF INSTITUTIONS,1
MALLAREDDY COLLEGE OF ENGINEERING AND TECHNOLOGY (MRCET),1
VIDYA JYOTI INSTITUTION OF TECHNOLOGY,1
CME COLLEGE OF ENGINEERING AND TECHNOLOGY,1
DR B R AMBEDKAR UNIVERSITY SRIKAKULAM,1
KONERU LAKSHMAIAH EDUCATION FOUNDATION BACHUPALLY,1
"ICFAI UNIVERSITY, HYDERABAD",1
LIKHITHA JUJJUWARAPU,1
SRIDEVI WOMEN'S ENGINEERING COLLLGE,1
GOKARAJU RANGARAJU INSTITUTE OF ENGINEERINGA ND TECHNOLOGY,1
VARDHAMAN COLLGE OF ENGINEERING,1
"VARDHAMAN COLLEGE OF ENGINEERING (VCE) - SHAMSHABAD, HYDERABAD.",1
"VNRVJIET COLLEGE, BACHUPALLY",1
NALLA NARSHIMA REDDY,1
E,1
YAMINI POTHANA,1
COLLEGE-JNTU HYD,1
SANJEEV DEGREE COLLEGE,1
"PALLAVI ENGINEERING COLLEGE (PEC), HYDERABAD",1
NALLA NARASIMHA REDDY EDUCATION INSTITUTION,1
PALLAVI ENGINEERING,1
JNTU GV,1
"COLLEGE, PALLAVI ENGINEERING COLLEGE",1
SR GEC,1
SAMSKRUTI COLLEGE OF ENGINEERING,1
GITAM UNIVERSITY HYDERBAD,1
VIGNAN INSTITUTES OF TECHNOLOGY AND SCIENCE,1
GEETHANJALI COLLEGE OF ENGINEERING AND TECHNOLOGAY,1
JNTU-H,1
TSWRDC W KARIMNAGAR,1
NAWAB SHAH ALAM KHAN OF ENGINEERING AND TECHNOLOGY,1
GURU NANAK ENGINEERING COLLEGE HYDERABAD,1
KOMMURI PRATAP REDDY COLLEGE,1
MATURI VENKATA SUBBARAO COLLEGE OF ENGINEERING,1
ANYRAG UNIVERSITY,1
VIDYA JYOTHI INSTITUTE OF TECHNOLOGY AND ENGINEERING,1
JNTUHU COLLEGE OF ENGINEERING RAJANNA SIRCILLA,1
RAMACHANDRA COLLEGE,1
CHAITANYA BHARATHI INSTITUTE OF TECHNOLOGY (A),1
HYNDHAVI,1
GOKARAJU RANGARAJU INSITUTE OF ENGINEERING AND TECHNOLOGY,1
EVERNORTH HEALTH SERVICES,1
VIDHYA JYOTHI INSTITUTE OF,1
"JNTU ,VALLURUPALLI NAGESWARA RAO VIGNANA JYOTHI INSTITUTE OF ENGINEERING AND TECHNOLOGY",1
"VIGNANA BHARATHI INSTITUTE OF TECHNOLOGY,GHATKESAR,MEDCHAL",1
DRK COLLEGE OF ENGINEERING AND TECHNOLOGY,1
R,1
VNRVIGNANAJYOTHIINSTITUTEOFENGINEERINGANDTECHNOLOGY,1
RAJEEV GANDHI MEMORIAL INSTITUTE OF TECHNOLOGY AND ENGINEERING,1
G.D. GOENKA UNIVERSITY,1
KESHAV MEMORIAL INSTITURE OF TECHNOLOGY,1
VIDYA JYOTHI INSTITUE OF TECHNOLOGY.,1
MLR INSTITUTE,1
WORK INFO,1
MAHARAJ VIJAYRAM GAJAPATHI RAJ COLLEGE OF ENGINEERING (A),1
RADHAKRISHNAMATTA5757@GMAIL.COM,1
M.V.G.R COLLEGE OF ENGINEERING,1
MVGR COLLEGE OF ENGINEERING (A),1
MAHARAJ VIJAY RAM GANAPATHI RAJ COLLEGE OF ENGINEERING,1
ST MARTIN'S ENGENEERING COLLEGE,1
D.M.S.S.V.H.COLLEGE,1
SREENIDHIINSTITUTIONOFSCIENCEANDTECHNOLOGY,1
JNTU ( MAHATMA GANDHI INSTITUTE OF TECHNOLOGY),1
ASHOKA WOMEN'S ENGINEERING COLLEGE,1
ASHOKA WOMENS ENGINEERING COLLEGE,1
DAITA MADUSUDHAN SASTRY SRI VENKATESHWARA HINDU COLLEGE OF ENGINEERING,1
DONT HAVE SUCH,1
BVRITH HYDERABAD,1
"MALLAREDDY ENGINEERING COLLEGE FOR WOMEN , HYDERABAD",1
CRRAO INSTITUTE,1
SRINIVASA INSTITUTE OF ENGINEERING AND TECHNOLOGY CHEYYERU-AMALAPURAM,1
MGIT COLLEGE,1
SREE DATTHA ENGINEERING AND SCIENCES,1
VASAVI COLLAGE OF ENGINEERING,1
MVGR ENGINEERING COLLEGE,1
"MAHATMA GANDHI INSTITUTE OF TECHNOLOGY(MGIT),GANDIPET",1
JAWAHARLAL NEHRU TECHNOLOGICAL UNIVERSITY VIZIANAGARM,1
SREENIDHI INSTRUITE OF SCIENCE AND TECHNOLOGY,1
VIDYA JYOTHI INSTITUTE OF TECHNOLOGY (VJIT) HYDERABAD,1
GOKARAJU RANGARAJU INSTITUTE,1
J B INSTITUTE OF ENGINEERING AND TECHNOLOGY,1
"ICFAITECH COLLEGE, HYDERABAD",1
VARDHAMAN COLLEGE OF ENGINEERINNG,1
WESLEY INSTITUTE OF TECHNOLOGY AND SCIENCE,1
JUTUK,1
JAWAHARLAL NEHRU TECHNOLOGICAL UNIVERSITY HYDERABAD (JNTU HYDERABAD),1
"INDIAN INSTITUTE OF TECHNOLOGY, MADRAS",1
HERITAGE INSTITUTE OF TECHNOLOGY,1
AICTE/OSMANIA UNIVERSITY,1
SREENIDHI INSTITUTES OF SCIENCE AND TECHNOLOGY,1
DAITA MADHUSUDANA SASTRY SRI VENKATESHWARA COLLEGE OF ENGINEERING,1
NIMRA ENGINEERING AND TECHNOLOGY,1
LEARNING DESTINY,1
HITAM COLLEGE,1
JNTU RAJANNA SIRICILLA,1
RAJEEV GHANDHI MEMORIAL COLLEGE OF ENGINEERING AND TECHNOLOGY,1
TEGALLA KRISHNA REDDY COLLEGE,1
TEEGALA KRISHNA REDDY ENGENEERING COLLEGE,1
KAKATIYA INSTITUTION OF TECHNOLOGY AND SCIENCE,1
"MAHARAJ VIJAYARAM GAJAPATHI RAJ COLLEGE OF ENGINEERING , VIZIANAGARAM",1
JNTUH/VAAGDEVI ENGINEERING COLLEGE,1
VNR VIGANANA JYOTHI INSTITUTE OF TECHNOLOGY,1
SRI DEVI WOMEN’S ENGINEERING COLLEGE,1
AUTONOMOUS,1
ALML,1
VNR VIGNANA JYOTHI INSTITUTE OF EDUCATION AND TECHNOLOGY,1
DR.HARI SINGH GOUR UNIVERSITY,1
"ANURAG UNIVERSITY ,HYDERABAD",1
TEEGALA KRISHNA REDDY COLLEGE,1
COLLEGE (MVSR ENGENEERING COLLEGE),1
"UNIVERSITY COLLEGE OF SCIENCE ,OSMANIA UNIVERSITY",1
NAZAR SHAH ALAM KHAN COLLEGE OF ENGINEERING AND TECHNOLOGY,1
"UNIVERSITY COLLEGE OF SCIENCE SAIFABAD,(OU)",1
UNIVERSITY COLLEGE OF SCIENCE SAIFABAD (OU),1
UNIVERSITY COLLEGE OF SCIENCE SAIFABAD (OSMANIA UNIVERSITY),1
ST.MARYS GROUP OF INSTITUTION,1
CHAITHANYA BHARATI INSTITUTE OF TECHNOLOGY,1
THEEGALA KRISHNA REDDY ENGINEERING COLLEGE,1
OSMANIA UNIVERSE,1
CHALAPATHI,1
CHALAPATHI INSTITUTE OF ENGINEERING,1
VJIT COLLEGE,1
CHALAPATHI OF ENGINEERING AND TECHNOLOGY,1
NAGARJUNA UNIVERSITY,1
MALLAREDDY COLLEGE OF ENGINEERING AND TECHNOLGY,1
GOKARAJU LAILAVATHI WOMEN'S ENGINEERING,1
"GOVERNMENT DEGREE COLLEGE OF WOMEN'S, BEGUMPET",1
CHATRAPATHI INSTITUTE OF TECHNOLOGY AND ENGINEERING,1
SRI DEVI WOMENS ENGINEERING COLLAGE,1
"STANLEY COLLEGE OF ENGINEERING AND TECHNOLOGY FOR WOMEN (SCETW), HYDERABAD",1
CMRTC/VISWAM.AI,1
GANDHIJI INSTITUTE OF SCIENCE AND TECHNOLOGY,1
"CHALAPATHI INSTITUTE OF ENGINEERING AND TECHNOLOGY, LAM",1
GEETHANJALI COLLEGE ENGINEERING AND TECHNOLOGY,1
TEEGALA KRISHNA REDDY,1
COLLLEGE,1
RGUKT IIIT NUZVID,1
"UNIVERSITY COLLEGE OF SCIENCES, SAIFABAD (OU)",1
ACE COLLEGE,1
KAKATIYA UNIVERSITY COLLEGE OF ENGINEERING AND TECHNOLOGY,1
N0,1
RAJIV GANDHI INSTITUTE OF TECHNOLOGIES NUZVID,1
MALLA REDDY COLLEGE OF ENGINNERING AND TECHNOLOGY,1
J.B INSTITUTE OF ENGINEERING AND TECHNOLOGY,1
CHALAPATIII INSTITUTE OF ENGINEERING AND TECHNOLOGY,1
TEEGALA KRISHNA REDDY COLLEGE OF ENGINEERING,1
MALLA REDDY COLLEGE OF ENGINEERING MRCET,1
"RGUKT, NUZVID",1
NIT ROURKELA,1
HOLY MARY INSTITUTE OF TECHNOLOGY,1
CHALAPATI INSTITUTE OF ENGINEERING AND TECHNOLOGY,1
MRCET COLLEGE,1
CHALAPATHI INSTITUTE OF ENGINEERING & TECHNOLOGY (AFFLIATED BY ACHARYA NAGARJUNA UNIVERSITY,1
CIET,1
CHALAPATHI INSTITUTE OF ENGINEERING AND TECHNOLOGY (ACHARYA NAGARJUNA UNIVERSITY),1
B TECH,1
SAGI RAMA KRISHNAM RAJU ENGINEERING AFFILIATED JNTUK,1
RGUKT NUZIVID,1
AURORA HIGHER EDUCATION AND RESEARCH ACADEMY,1
"NALLA NARASIMHA REDDY EDUCATION SOCIETYS GROUP OF INSTITUTIONS (NNRESGI), HYDERABAD",1
NAWAB SHAH ALAM KHAN COLLEGE OF ENGINEERING AND TECHNOLOGY/ MICROSOFT,1
IIIT RGUKT NUZVID,1
"ANDHRA MAHILA SABHA ARTS AND SCIENCE COLLEGE, OSMANIA UNIVERSITY",1
ANURAG UNIVERSITY (COLLEGE),1
MALLAREDDY OF ENGINEERING AND TECHNOLOGY,1
CHALAPATHI INSTITUTION OF ENGINEERING AND TECHNOLOGY,1
TEEGALA KRISHNA REDDY ENGINEERING CLG,1
VALLURUPALLI NAGESWARA RAO VIGNANA JYOTHI INSTITUTE OF ENGINEERING AND TECHNOLOGY (VNRVJIET),1
ANURAG UNVERSITY,1
AICTE AFFILIATED,1
GDGOENKA UNIVERSITY,1
"SREENIDHI INSTITUTE OF SCIENCE AND TECHNOLOGY,YAMNAMPET,GHATKESAR",1
GOVT MAHILA ENGINEERING COLLEGE AJMER,1
"GEETHANJALI COLLEGE OF ENGINEERING AND TECHNOLOGY, AFFILIATED TO JNTUH",1
VIGNAN JYOTHI INSTITUTE OF ENGINEERING AND TECHNOLOGY,1
AKBAR PEERBHOY COLLEGE OF COMMERCE AND ECONOMICS,1
JOGINPALLY BHASKER INSTITUTE OF ENGINEERING AND TECHNOLOGY,1
GEETHANJALI COLLEGE OF ENGENEERING,1
ANURAG UNIVERSITY(COLLEGE),1
ACHARYA NAGARJUNA,1
AURORA DEEMED TO BE UNIVERISITY,1
AL,1
SIET,1
"GEETANJALI COLLEGE OF ENGINEERING AND TECHNOLOGY, HYDERABAD",1
SRINIVASA INSTITUTION OF ENGINEERING AND TECHNOLOGY,1
ANURAGG UNIVERSITY,1
SIDDHARTHA DEGREE AND PG COLLEGE,1
CMRCET COLLEGE OF ENGINEERING AND TECHNOLOGY,1
CHALAPATHI INSTITUTE OF ENGINEERING AND TECHNOLOGY AUTONOMOUS,1
VIGNANA BHARATHI INSTITUTE AND TECHNOLOGY,1
VIGNANABHARATHI INSTITUTE OF TECHNOLOGY,1
SAMSKRUTI ENGINEERING COLLEGE,1
KAKINADA INSTITUTE OF TECHNOLOGICAL SCIENCES,1
VIDYA JYOTHI INSTITUTE OF TECHNOLOGY(VJIT),1
VIGNANA BHARATHI INSTUTE OF TECHNOLOGY,1
ANURAG UNIVERSIRY,1
INNOVAPATH IT SOLUTIONS,1
"BRILLIANT GROUP OF INISTUTIONS,AFFILIATED TO JNTUH",1
TEEGALA KRISHANA REDDY COLLEGE OF ENGEENERING,1
VIGNANA BHARATHI INSTITUTE OF TECHNOLOGY VBIT AFFILIATED BY JNTUH,1
VIGNAN BHARTI INSTITUTE OF TECHNOLOGY,1
FRESHER,1
CHAITANYA BHARATHI INSTITUTE OF TECHNOLO,1
ANU,1
CHITANYA BHARATHI INSTITUTE OF TECHNOLOGY,1
K.R.MANGALAM UNIVERSITY,1
CHAITHANYA BHARATHI INSTITUTE OF TECHNOLOGY,1
GEETHANJALI ENGINERING AND TECHNOWLEDGE,1
CHAITAANYA BHARATI INSTITUE OF TECHNOLOGY,1
AIML /ANURAG UNIVERSITY,1
VIGNANA BHARATHI INSTITITE OF TECHNOLOGY,1
CMR COLLEGE OF ENIGEERING & TECHNOLOGY,1
GEETANJALI COLLEGE,1
ST ANN'S OF ENGINEERING AND TECHNOLOGY AUTONOMOUS CHIRALA,1
METHODIST COLLEGE OF ENGINEERING,1
JNTUH UNIVERSITY KUKATPALLY,1
JAWAHARLAL NEHRU TECHNOLOGICAL UNIVERSITY HYDERABAD KUKATPALLY,1
ST ANN'S ENGINEERING COLLEGE,1
APOLLO INSTITUTE OF AGRICULTURE AND RESEARCH,1
METHODIST ENGINEERING AND TECHNOLOGY,1
CHAITHANYA BHARATI INSTITUTE OF TECHNOLOGY (OSMANIA),1
VBIT ENGINEERING COLLEGE,1
ST ANNS COLLEGE OF ENGINEERING AND TECHNOLOGY,1
JNTUH COLLEGE,1
VNR VIGNAN JYOTHI COLLEGE,1
AVANTHI SCIENTIFIC TECHNOLOGICAL AND RESEARCH ACADEMY,1
JAWAHARLAL NEHRU TECHNOLOGICAL UNIVERSITY COLLEGE OF JAGITAL,1
JNTUK(MALINENI SUSEELAMMA WOMEN'S ENGINEERING COLLEGE,1
JNTU KONDAGATTU,1
AVANTHI SCIENTIFIC RESEARCH ACADEMY,1
ST.ANNS COLLEGE OF ENGINEERING AND TECHNOLOGY AUTONOMOUS CHIRALA,1
JNTR,1
AVANTHI SCIENTIFIC INSTITUTE OF RESEARCH ACADEMY,1
JAYAMUKHI,1
JAYAMUKHI INSTITUTION OF TECHNICAL SCIENCES,1
JAYAMUKHI INSTITUTE OF TECHNOLOGY AND SCIENCE,1
JNTUH UNIVERSITY COLLEGE OF ENGINEERING KUKATPALLY,1
MATRUSRI ENGINEERING COLLEGE AND IIT M BS DEGREE (DUAL DEGREE),1
AU AFFILIATED GAYATRI VIDYA PARISHAD COLLEGE OF ENGINEERING FOR WOMEN,1
"MAHATMA GANDHI INSTITUTE OF TECHNOLOGY,HYDERABAD",1
AVANTHIS SCIENTIFIC TECHNOLOGICAL RESEARCH ACADEMY,1
SACET STUDENT,1
METHODIST COLLEGE OF ENGINEERING TECHNOLOGY,1
JAYAMUKHI INSTITUTE OF TECHNOLOGICAL,1
UNIVERSITY COLLEGE OF ENGINEERING AND TECHNOLOGY MAHATAMA GANDHI UNIVERSITY,1
JNTUH UNIVERSITY COLLEGE OF ENGINEERING JAGTIAL GINEERING,1
UNIVERSITY COLLEGE OF ENGINEERING AND TECHNOLOGY MAHATAMA GANDHI UNIVERSITY NALGONDA,1
JITS,1
"MAHATHMA GANDHI UNIVERSITY, NALGONDA, ANNEPARTHI",1
MGU,1
"JNTUH UNIVERSITY COLLEGE OF ENGINEERING,JAGTIAL",1
BVRITH COLLEGE,1
M.V.G.R. COLLEGE OF ENGINEERING,1
MAHATMA GANDHI UNIVERSITY NALGONDA TELANGANA,1
MAHATMA GANDHI UIVERSITY-NALGONDA,1
MVGRCE,1
JAWAHARLAL TECHNOLOGICAL UNIVERSITY COLLEGE OF ENGINEERING JAGTIAL,1
MVGR COLLEGE OF ENGINEERING VIZIANAGARAM,1
JNTUH UNIVERSITY COLLEGE OF ENGINEERING RAJANNA SIRICILLA ( JNTUH),1
MVGR COLLEGE OF ENGINEERING(A),1
NALLA NARASIMHAREDDY EDUCATIONAL INSTITUTE,1
JADAVPUR UNIVERSITY,1
M V G R COLLEGE OF ENGINEERING,1
"B V RAJU INSTITUTE OF TECHNOLOGY ,NARSAPUR",1
JAYAMUKHI INSTITUTION OF TECHNOLOGICAL SCIENCES,1
"JAYAMUKHI INSTITUTE OF TECHNOLOGICAL SCIENCES, JNTUH",1
OSMANIA UNIVERSITY (COLLEGE),1
ST MARTINS,1
BCRIT,1
MALINENI SUSEELAMMA WOMEN'S ENGINEERING COLLEGE,1
MALINENI SUSEELAMMA WOMEN'S ENGINEERING,1
STANLEY,1
"NARAYANA ENGINEERING COLLEGE, GUDUR",1
METHODIST,1
JAYAMUKHIINSTITUTE OF TECHNOLOGICAL SCIENCES,1
STANLEY ENGINEERING WOMEN'S COLLEGE,1
SAI UNIVERSITY,1
ANURAG UNIVERSITY OF ENGINEERING,1
VIGNAN INSTITUTE OF MANAGEMENT AND TECHNOLOGY FOR WOMEN KONDAPUR,1
STANLEY COLLEGE OF ENGINEERING FOR WOMEN,1
JNTU(CMRCET),1
MALLINENI SUSELAMMA WOMEN'S ENGINEERING COLLEGE,1
VIGNAN BHARTHI INSTITUTE OF TECHNOLOGY,1
STANLEY COLL OF ENGINEERING AND TECHNOLOGY,1
JNTU-H(INSTITUTE OF AERONAUTICAL ENGINEERING)),1
"MAHARAJ VIJAYARAM GAJAPATI RAJ COLLEGE OF ENGINEERING,VIZIANAGARAM",1
SUMATHI REDDY INSTITUTION OF TECHNOLOGY FOR WOMEN,1
NAAC,1
AFFILIATED JNTU(INSTITUTE OF AERONAUTICAL ENGINEERING/ HYDERABAD DUNDIGAL),1
BTECH IN COMPUTER SCIENCE WITH SPECIALISATION IN ARTIFICIAL INTELLIGENCE AND MACHINE LEARNING,1
"JSS SCIENCE AND TECHNOLOGY UNIVERSITY, MYSURU",1
COGNICO,1
BNMIT,1
VIGNAN BHARATHI INSTITUTION OF TECHNOLOGY,1
CENTRAL UNIVERSITY OF JAMMU,1
"JSSATE,BENGALURU",1
NALLA MALLA REDDY COLLEGE OF ENGINEERING,1
ANURAG UNIVERSITY SCHOOL /OF ENGINEERING,1
INSTITUTE OF AERONAUTICAL ENGENEERING,1
AVANTHI'S SCENTIFIC TECHNOLOGY ANS RESEARCH ACADEMY,1
VNR VIGNAN JYOTI INSTITUTE OF TECHNOLOGY,1
"AMRITA VISHWA VIDYAPEETHAM, AMARAVATI CAMPUS",1
KAKINADA,1
BABA INSTITUTE OF TECHNOLOGY AND SCIENCES,1
JAYAMUKHI COLLEGE,1
JAYAMUKHI INSTUATIONS OFF TECHNOLOGICEAL AND SCIENCE,1
STANLEY COLLEGE OF ENGINEERING AND TECHNOLOGY FOR WOMNE,1
JAYAMUKHI INSTITUTE OF TECHNOLOGICAL AND SCIENCE,1
VIDYA JYOTHI INSTITUTE OF TECHNOLOGY THE MAJOR ELECTRONICS AND COMMUNICATION ENGINEERING,1
GNITC,1
MPHASIS,1
BTECH(VIDYA JYOTHI INSTITUTE OF TECHNOLOGY)/ELECTRONICS AND COMMUNICATION ENGINEERING 2025 PASSEDOUT,1
VIDYA JYOTHI TECHNOLOGY OF INSTITUTE,1
VIDYA JYOTHI INSTITUTE OF TECHNOLGY,1
MALLAREDDY REDDY COLLEGE OF ENGINEERING AND TECHNOLOGY,1
NRCM,1
VIDYA JHOTHI INSTITUTE OF TECHNOLOGY,1
NARSIMHA REDDY ENGINEERING COLLEGE(NRCM),1
NARASIMHA REDDY ENGENEERING COLLEGE,1
VIGNANS INSTITUTE OF MANAGEMENT AND TECHNOLOGY FOR WOMEN,1
NARASHIMA REDDY ENGINEERING COLLEGE,1
ST. JOSEPHS DEGREE & PG COLLEGE,1
CBIT-OU,1
ORGANIZATION,1
NARSIMHA REDDY ENGINEERING COLLEGE MAISAMMAGUDA,1
JAYAMUKHI INSTITUTE OF TECHNOLOGY,1
PERSPECTAI,1
ST.PETERS ENGENEERING COLLEGE,1
MATURI VENTAKA SUBBARAO ENGINEERING COLLEGE,1
BVRIT HYDERABAD COLLEGE OF ENGINEERINNG FOR WOMEN,1
VIGNANABHARATHI INSTITUTION OF TECHNOLOGY,1
JAWAHARLAL NEHRU INSTITUTE OF TECHNOLOGY,1
NACC,1
NARASIMHAREDDY ENGINEERING COLLEGE,1
SIES GRADUATE SCHOOL OF TECHNOLOGY,1
VJIT INSTITUTE OF TECHNOLOGY,1
PLAKSHA UNIVERSITY,1
STANLEY COLLEGE OF ENGINEERING AND TECHNOLOGY FORWOMEN,1
STANLEY COLLEGE OF ENGINEERING AND TECHNOLOGY FOR A,1
SREENIDHI INSTITUTE OF SCIENCE AND,1
METHODIST COLLEGE OF ENGINEERING AND TECHNOLOGY (O.U AUTONOMOUS),1
BVRIT HYDERABAD COLLEGE OF ENGINEERING FOR WOMEN BACHUPALLY,1
MLR INSTITUTE OF TECHNOLOGY OF,1
MLR INSTITUTES OF TECHNOLOGY,1
MARRI LAXMAN REDDY INSTITUTUON OF TECHNOLOGY,1
STANLEY COLLEGE OF ENGINEERING &TECHNOLOGY FOR WOMEN,1
MLR INSTITUTE OF TECHNOLOGY AFFILIATED BY JNTUH,1
UCET MAHATMA GANDHI UNIVERSITY,1
MLE INSTITUTE OF TECHNOLOGY,1
NARASIMHA REDDY ENGINERING COLLEGE,1
NARASIMHAREDDY ENGENEERING COLLEGE,1
SRI BALAJI UNIVERSITY PUNE,1
NARASIMHA REDDY ENGINEERING COLLEGES,1
"SCHOOL OF COMPUTER & INFORMATION SCIENCES, UNIVERSITY OF HYDERABAD.",1
MLR ISTITUTE OF TECHNOLOGY,1
JNTUH CEJ UNIVERSITY COLLEGE JAGITYAL,1
MARRI LAXMI REDDY INSTITUTE OF TECHNOLOGY,1
MARRI LAXMAN REDDY,1
JAWAHARLAL NEHRU TECHNOLOGICAL UNIVERSITY -GURAJADA VIZIANAGARAM,1
"JAWAHARLAL NEHRU TECHNOLOGICAL UNIVERSITY, HYDERABAD (BVRITH)",1
MLR INSTITUTE OF,1
KESHAV MEMORIAL COLLAGE OF ENGINEERING,1
"MVGR COLLEGE OF ENGINEERING CHINTALAVALASA, VIZIANAGARAM",1
JAWAHARLAL NEHRU TECHNOLOGICAL UNIVERSITY HYDERABAD (JNTUH),1
ST.MARTINS ENGINEERING COLLAGE,1
VIGNAN BHARATHI INSTITUTE OF TECHNOLOGY (CSM),1
MLR COLLEGE OF ENGINEERING AND TECHNOLOGY,1
"VASAVI COLLEGE OF ENGINEERING, HYDERABAD",1
MLRIT COLLEGE,1
JNTU(MLRIT),1
MARRI LAKSHMAN REDDY INSTITUTE OF TECHNOLOGY,1
MLRT,1
SWAMI VIVEKANAND INSTITUTE OF TECHNOLOGY,1
JUNTUH,1
MLR INSTITUTE OF TECHN0LOGY,1
NARSHIMA REDDY ENGINEERING COLLEGE,1
MLRIT INSTITUTION,1
NARSIMHA REDDY ENGENEERING COLLEGE,1
BVRIT HYDERABAD COLLEGE OF ENGINEERING FOR WOMEN (JNTUH),1
JNTU( ACE ENGINEERING COLLEGE ),1
MLR INSTITUTION TECHNOLOGY,1
RVR & JC COLLEGE OF ENGINEERING,1
R.V.R & J. C COLLEGE OF ENGINEERING,1
VAAGDEVI DEGREE AND PG COLLEGE HANUMAKONDA,1
KL DEEMED TO BE UNIVERSITY,1
VIGNAN’S INSTITUTE OF MANAGEMENT AND TECHNOLOGY FOR WOMEN,1
CMR COLLEGE OF ENGINEERNING & TECHNOLOGY,1
ORABASE SOLUTIONS LLC,1
STANLEY COLLEGE OF ENGINEERING AND TECHNOLOGY FOR WOMEN (AUTONOMOUS),1
JNTU AFFILIATED,1
"GITAM DEEMED TO BE UNIVERSITY, HYDERABAD",1
GANDHI INSTITUTION OF TECHNOLOGY AND MANAGAMENT,1
GITAM-HYDEARABAD,1
"GITAM , HYDERABAD",1
GITAM DEEMED TO BE UNIVERSITY -HYDERABAD,1
MATURI VENKATA SUBBA RAO ENGINEERING COLLEGE(MVSR),1
NMREC,1
AURORA DEGREE & PG COLLEGE,1
JAYAMUKHI INSTITUE OF TECHNOLOGICAL SCIENCES,1
AURORA DEGREE COLLEGE,1
"GANDHI INSTITUTE OF TECHNOLOGY AND MANAGEMENT(GITAM), HYDERABAD",1
MLR INSTITUTE OF TECHNOLOY,1
MLRIT INSTITUTE OF TECHNOLOGY,1
GITAM(DEEMED TO BE UNIVERSITY),1
COLLEGE:- SPHOORTHY ENGINEERING COLLEGE,1
"NARSIMHAREDDY ENGINEERING COLLEGE ,HYD",1
SPHOORTHY ENGNEERING COLLEGE,1
RESEARCH SCHOLAR OU,1
"GOVERNMENT INSTITUTE OF ELECTRONICS, EAST MARREDPALLY, SECUNDERABAD",1
SPHOORTY ENGINEERING COLLEGE,1
SPHOORTHY ENGINEERING COLLLEGE,1
VNRVJIET COLLAGE,1
JNTUH(SPHOORTHY ENGINEERING COLLEGE),1
Chalapathi Institute of Engineering and Technology affiliated to Acharya Nagarjuna University ,1
Gitam University,1
Unemployed,1
Collage,1
Vignan Institute of technology & sciences,1
Vignan collage,1
college ,1
Vignan Institute of technology and science,1
Mlr Institute of technology ,1
Vignan institute of engineering and technology college dheshmuk ,1
Osmania University ,1
Gitam university ,1
"VIGNAN INSTITUTE OF TECHNOLOGY AND SCIENCE,DESHMUKHI",1
Vignan Institute of technology and sciences ,1
sphoorthy engineering college,1
"GITAM University,Hyderabad ",1
"Gitam University, Hyderabad.",1
Jayamukhi institute of technological sciences ,1
jayamukhhi institute of technological sceinces,1
Vignan college of technology and science,1
Pragnya degree college ,1
Guru nanak institute of technology ,1
Andhra University College of Engineering ,1
Sphoorthy engineering college ,1
Sri indu college of engineering and technology ,1
vignan institue of technology and science,1
SRM Institute of Science and Technology,1
MVSR Engineering College,1
Jntuh ,1
Pragathi,1
CMR College of Engineering & Technology,1
Vijay Rural Engineering College ,1
MLR INSTITUTE OF TECHNOLOGY ,1
spoorthy engineering college,1
Gitam University hyd ,1
Indian Institute of Information Technology Raichur ,1
MLR Institute Of Technology,1
Sreenidhi Institute of Science and Technology ,1
Aurora deemed University,1
VNRVJIET ,1
Mahatma Gandhi University ,1
MGIT ,1
MVSR ENGINEERING COLLEGE ,1
J. B. Institute of Engineering and Technology,1
Tkr college of engineering and technology,1
Laki Reddy Bali Reddy college of engineering ,1
Gokaraju ranjaraju institute of engineering and technology ,1
Methodist college of engineering and technology ,1
Velagapudi RamaKrishna Siddhartha Engineering College,1
chaitanya bharathi institute of technology,1
CMR College of engineering and technology ,1
Cmr college of engineering and technology ,1
SRM INSTITUTE OF SCIENCE AND TECHNOLOGY ,1
Indian Institute of Technology Bombay,1
CMR Engineering collage,1
Chaitanya Bharathi institute of technology ,1
maturi venkata subbarao engineering college,1
GD Goenka University,1
Sr university ,1
BVRIT HYDERABAD College of Engineering for Women ,1
Chaitanya bharathi institute of technology ,1
Maturi Venkata subba Rao engineering College ,1
Jawaharlal Nehru Technological University ,1
MLR Institute of Technology ,1
Vignan's institute of management and technology for women,1
Anurag University ,1
JNTU(Vardhaman College of engineering ,1
Vijay rural engineering College ,1
jntuh,1
Btech ,1
Vijay rural engineering college ,1
TRR COLLEGE OF TECHNOLOGY POLYTECHNIC ,1
Narsimha Reddy Engineering College ,1
CMR college of engineering and technology,1
college,1
Narasimhareddy engineering college,1
Maturi venkata subba rao engineering college ,1
"Srinivasa Ramanujan Institution of Technology, BKS mandal,Anantapur , Andhrapradesh",1
MallaReddy University ,1
Gnits,1
Srinivas University,1
CMR Group of Engineering and Technology,1
G Narayanamma institute of science and technology ,1
G. Narayanamma Institute of technology and sciences,1
Vignan institute of technology and science Hyderabad ,1
Chalapathi institute of engineering and technology ,1
VBIT ,1
Vignana Bharathi Institute Of Technology,1
Jbiet,1
Cmr College of Engineering and Technology ,1
"Vignana Bharathi Institute of technology, Aushapur (ghatkesar), Hyderabad ",1
Amrita Vishwa Vidyapeetham ,1
Malla Reddy engineering college and management sciences ,1
Vardhaman College Of Engineering,1
G.Narayanamma institute of technology and sciences,1
